type,name,level,address,datatype,accuracy,unit,models,datarange,mask,default,smart_meter
read,protocol_number,2,4950,U32,,,SH5K-20|SH3K6|SH4K6|SH5K-V13|SH5K-30|SH3K6-30|SH4K6-30|SH5.0RS|SH3.6RS|SH4.6RS|SH6.0RS|SH10RT|SH10RT-V112|SH10RT-20|SH8.0RT|SH6.0RT|SH5.0RT|SH5.0RT-V112,,,,
read,protocol_version,2,4952,U32,,,SH5K-20|SH3K6|SH4K6|SH5K-V13|SH5K-30|SH3K6-30|SH4K6-30|SH5.0RS|SH3.6RS|SH4.6RS|SH6.0RS|SH10RT|SH10RT-V112|SH10RT-20|SH8.0RT|SH6.0RT|SH5.0RT|SH5.0RT-V112,,,,
read,arm_software_version,2,4954,U16,,,SH5K-20|SH3K6|SH4K6|SH5K-V13|SH5K-30|SH3K6-30|SH4K6-30|SH5.0RS|SH3.6RS|SH4.6RS|SH6.0RS|SH10RT|SH10RT-V112|SH10RT-20|SH8.0RT|SH6.0RT|SH5.0RT|SH5.0RT-V112,,,,
read,dsp_software_version,2,4969,U16,,,SH5K-20|SH3K6|SH4K6|SH5K-V13|SH5K-30|SH3K6-30|SH4K6-30|SH5.0RS|SH3.6RS|SH4.6RS|SH6.0RS|SH10RT|SH10RT-V112|SH10RT-20|SH8.0RT|SH6.0RT|SH5.0RT|SH5.0RT-V112,,,,
read,serial_number,3,4990,UTF-8,,,,,,,
read,device_type_code,3,5000,U16,,,,"[{""response"": 39, ""value"": ""SG30KTL""}, {""response"": 38, ""value"": ""SG10KTL""}, {""response"": 41, ""value"": ""SG12KTL""}, {""response"": 40, ""value"": ""SG15KTL""}, {""response"": 42, ""value"": ""SG20KTL""}, {""response"": 44, ""value"": ""SG30KU""}, {""response"": 45, ""value"": ""SG36KTL""}, {""response"": 46, ""value"": ""SG36KU""}, {""response"": 47, ""value"": ""SG40KTL""}, {""response"": 309, ""value"": ""SG40KTL-M""}, {""response"": 283, ""value"": ""SG50KTL-M""}, {""response"": 305, ""value"": ""SG60KTL-M""}, {""response"": 310, ""value"": ""SG60KU""}, {""response"": 321, ""value"": ""SG30KTL-M""}, {""response"": 112, ""value"": ""SG30KTL-M-V31""}, {""response"": 308, ""value"": ""SG33KTL-M""}, {""response"": 116, ""value"": ""SG36KTL-M""}, {""response"": 317, ""value"": ""SG33K3J""}, {""response"": 311, ""value"": ""SG49K5J""}, {""response"": 114, ""value"": ""SG34KJ""}, {""response"": 115, ""value"": ""LP_P34KSG""}, {""response"": 283, ""value"": ""SG50KTL-M-20""}, {""response"": 271, ""value"": ""SG60KTL""}, {""response"": 312, ""value"": ""SG80KTL""}, {""response"": 312, ""value"": ""SG80KTL-20""}, {""response"": 306, ""value"": ""SG60KU-M""}, {""response"": 327, ""value"": ""SG5KTL-MT""}, {""response"": 328, ""value"": ""SG6KTL-MT""}, {""response"": 319, ""value"": ""SG8KTL-M""}, {""response"": 318, ""value"": ""SG10KTL-M""}, {""response"": 11279, ""value"": ""SG10KTL-MT""}, {""response"": 316, ""value"": ""SG12KTL-M""}, {""response"": 322, ""value"": ""SG15KTL-M""}, {""response"": 329, ""value"": ""SG17KTL-M""}, {""response"": 323, ""value"": ""SG20KTL-M""}, {""response"": 313, ""value"": ""SG80KTL-M""}, {""response"": 332, ""value"": ""SG111HV""}, {""response"": 315, ""value"": ""SG125HV""}, {""response"": 11267, ""value"": ""SG125HV-20""}, {""response"": 11280, ""value"": ""SG30CX""}, {""response"": 11264, ""value"": ""SG33CX""}, {""response"": 11274, ""value"": ""SG36CX-US""}, {""response"": 11265, ""value"": ""SG40CX""}, {""response"": 11266, ""value"": ""SG50CX""}, {""response"": 11275, ""value"": ""SG60CX-US""}, {""response"": 11270, ""value"": ""SG110CX""}, {""response"": 11276, ""value"": ""SG250HX""}, {""response"": 11281, ""value"": ""SG250HX-US""}, {""response"": 11282, ""value"": ""SG100CX""}, {""response"": 11282, ""value"": ""SG100CX-JP""}, {""response"": 11283, ""value"": ""SG250HX-IN""}, {""response"": 11285, ""value"": ""SG25CX-SA""}, {""response"": 11298, ""value"": ""SG75CX""}, {""response"": 9277, ""value"": ""SG3.0RT""}, {""response"": 9278, ""value"": ""SG4.0RT""}, {""response"": 9264, ""value"": ""SG5.0RT""}, {""response"": 9265, ""value"": ""SG6.0RT""}, {""response"": 9276, ""value"": ""SG7.0RT""}, {""response"": 9266, ""value"": ""SG8.0RT""}, {""response"": 9267, ""value"": ""SG10RT""}, {""response"": 9268, ""value"": ""SG12RT""}, {""response"": 9269, ""value"": ""SG15RT""}, {""response"": 9270, ""value"": ""SG17RT""}, {""response"": 9271, ""value"": ""SG20RT""}, {""response"": 3337, ""value"": ""SH5K-20""}, {""response"": 3334, ""value"": ""SH3K6""}, {""response"": 3335, ""value"": ""SH4K6""}, {""response"": 3331, ""value"": ""SH5K-V13""}, {""response"": 3340, ""value"": ""SH5K-30""}, {""response"": 3338, ""value"": ""SH3K6-30""}, {""response"": 3339, ""value"": ""SH4K6-30""}, {""response"": 3343, ""value"": ""SH5.0RS""}, {""response"": 3341, ""value"": ""SH3.6RS""}, {""response"": 3342, ""value"": ""SH4.6RS""}, {""response"": 3344, ""value"": ""SH6.0RS""}, {""response"": 3587, ""value"": ""SH10RT""}, {""response"": 3599, ""value"": ""SH10RT-V112""}, {""response"": 3603, ""value"": ""SH10RT-20""}, {""response"": 3586, ""value"": ""SH8.0RT""}, {""response"": 3585, ""value"": ""SH6.0RT""}, {""response"": 3584, ""value"": ""SH5.0RT""}, {""response"": 3596, ""value"": ""SH5.0RT-V112""}, {""response"": 290, ""value"": ""SG3K-D""}, {""response"": 294, ""value"": ""SG5K-D""}, {""response"": 9219, ""value"": ""SG8K-D""}, {""response"": 9731, ""value"": ""SG3.0RS""}, {""response"": 9732, ""value"": ""SG3.6RS""}, {""response"": 9733, ""value"": ""SG4.0RS""}, {""response"": 9734, ""value"": ""SG5.0RS""}, {""response"": 9735, ""value"": ""SG6.0RS""}, {""response"": 9742, ""value"": ""SG9.0RS""}, {""response"": 9737, ""value"": ""SG10RS""}]",,,
read,nominal_active_power,2,5001,U16,0.1,kW,,,,,
read,output_type,2,5002,U16,,,,"[{""response"": 0, ""value"": ""2P""}, {""response"": 1, ""value"": ""3P4L""}, {""response"": 2, ""value"": ""3PSL""}]",,,
read,daily_power_yields,0,5003,U16,0.1,kWh,,,,,
read,total_power_yields,1,5004,U32,,kWh,,,,,
read,total_running_time,1,5006,U32,,h,SG30KTL|SG10KTL|SG12KTL|SG15KTL|SG20KTL|SG30KU|SG36KTL|SG36KU|SG40KTL|SG40KTL-M|SG50KTL-M|SG60KTL-M|SG60KU|SG30KTL-M|SG30KTL-M-V31|SG33KTL-M|SG36KTL-M|SG33K3J|SG49K5J|SG34KJ|LP_P34KSG|SG50KTL-M-20|SG60KTL|SG80KTL|SG80KTL-20|SG60KU-M|SG5KTL-MT|SG6KTL-MT|SG8KTL-M|SG10KTL-M|SG10KTL-MT|SG12KTL-M|SG15KTL-M|SG17KTL-M|SG20KTL-M|SG80KTL-M|SG111HV|SG125HV|SG125HV-20|SG30CX|SG33CX|SG36CX-US|SG40CX|SG50CX|SG60CX-US|SG110CX|SG250HX|SG250HX-US|SG100CX|SG100CX-JP|SG250HX-IN|SG25CX-SA|SG75CX|SG3.0RT|SG4.0RT|SG5.0RT|SG3.0RS|SG4.0RS|SG5.0RS|SG6.0RT|SG7.0RT|SG8.0RT|SG8.0RS|SG10RT|SG12RT|SG15RT|SG17RT|SG20RT,,,,
read,internal_temperature,1,5008,S16,0.1,°C,,,,,
read,total_apparent_power,1,5009,U32,,VA,SG6KTL-MT|SG8KTL-M|SG10KTL-M|SG10KTL-MT|SG12KTL-M|SG15KTL-M|SG17KTL-M|SG20KTL-M|SG3.0RT|SG4.0RT|SG5.0RT|SG3.0RS|SG4.0RS|SG5.0RS|SG6.0RT|SG7.0RT|SG8.0RT|SG8.0RS|SG10RT|SG12RT|SG15RT|SG17RT|SG20RT|SG33K3J|SG36KTL-M|SG40KTL-M|SG50KTL|SG50KTL-M|SG60KTL|SG60KTL-M|SG60KU-M|SG80KTL|SG80KTL-M|SG111HV|SG125HV|SG125HV-20|SG33CX|SG40CX|SG50CX|SG110CX|SG250HX|SG30CX|SG36CX-US|SG60CX-US|SG250HX-US|SG250HX-IN|SG25CX-SA|SG100CX|SG75CX|SG225HX,,,,
read,mppt_1_voltage,2,5011,U16,0.1,V,,,,,
read,mppt_1_current,2,5012,U16,0.1,A,,,,,
read,mppt_2_voltage,2,5013,U16,0.1,V,SG30KTL|SG10KTL|SG12KTL|SG15KTL|SG20KTL|SG30KU|SG36KTL|SG36KU|SG40KTL|SG40KTL-M|SG50KTL-M|SG60KTL-M|SG30KTL-M|SG30KTL-M-V31|SG33KTL-M|SG36KTL-M|SG33K3J|SG49K5J|SG34KJ|SG50KTL-M-20|SG60KU-M|SG5KTL-MT|SG6KTL-MT|SG8KTL-M|SG10KTL-M|SG10KTL-MT|SG12KTL-M|SG15KTL-M|SG17KTL-M|SG20KTL-M|SG80KTL-M|SG30CX|SG33CX|SG36CX-US|SG40CX|SG50CX|SG60CX-US|SG110CX|SG250HX|SG250HX-US|SG100CX|SG100CX-JP|SG250HX-IN|SG25CX-SA|SG75CX|SG3.0RT|SG4.0RT|SG5.0RT|SG3.0RS|SG4.0RS|SG5.0RS|SG6.0RT|SG7.0RT|SG8.0RT|SG8.0RS|SG10RT|SG12RT|SG15RT|SG17RT|SG20RT|SG3K-D|SG5K-D|SG8K-D|SH6.0RS|SH10RT|SH10RT-V112|SH10RT-20|SH8.0RT|SH6.0RT|SH5.0RT|SH5.0RT-V112,,,,
read,mppt_2_current,2,5014,U16,0.1,A,SG30KTL|SG10KTL|SG12KTL|SG15KTL|SG20KTL|SG30KU|SG36KTL|SG36KU|SG40KTL|SG40KTL-M|SG50KTL-M|SG60KTL-M|SG30KTL-M|SG30KTL-M-V31|SG33KTL-M|SG36KTL-M|SG33K3J|SG49K5J|SG34KJ|SG50KTL-M-20|SG60KU-M|SG5KTL-MT|SG6KTL-MT|SG8KTL-M|SG10KTL-M|SG10KTL-MT|SG12KTL-M|SG15KTL-M|SG17KTL-M|SG20KTL-M|SG80KTL-M|SG30CX|SG33CX|SG36CX-US|SG40CX|SG50CX|SG60CX-US|SG110CX|SG250HX|SG250HX-US|SG100CX|SG100CX-JP|SG250HX-IN|SG25CX-SA|SG75CX|SG3.0RT|SG4.0RT|SG5.0RT|SG3.0RS|SG4.0RS|SG5.0RS|SG6.0RT|SG7.0RT|SG8.0RT|SG8.0RS|SG10RT|SG12RT|SG15RT|SG17RT|SG20RT|SG3K-D|SG5K-D|SG8K-D|SH6.0RS|SH10RT|SH10RT-V112|SH10RT-20|SH8.0RT|SH6.0RT|SH5.0RT|SH5.0RT-V112,,,,
read,mppt_3_voltage,2,5015,U16,0.1,V,SG40KTL-M|SG50KTL-M|SG60KTL-M|SG30KTL-M|SG30KTL-M-V31|SG33KTL-M|SG36KTL-M|SG33K3J|SG49K5J|SG50KTL-M-20|SG60KU-M|SG80KTL-M|SG30CX|SG33CX|SG36CX-US|SG40CX|SG50CX|SG60CX-US|SG110CX|SG250HX|SG250HX-US|SG100CX|SG100CX-JP|SG250HX-IN|SG25CX-SA|SG75CX,,,,
read,mppt_3_current,2,5016,U16,0.1,A,SG40KTL-M|SG50KTL-M|SG60KTL-M|SG30KTL-M|SG30KTL-M-V31|SG33KTL-M|SG36KTL-M|SG33K3J|SG49K5J|SG50KTL-M-20|SG60KU-M|SG80KTL-M|SG30CX|SG33CX|SG36CX-US|SG40CX|SG50CX|SG60CX-US|SG110CX|SG250HX|SG250HX-US|SG100CX|SG100CX-JP|SG250HX-IN|SG25CX-SA|SG75CX|SG8K-D,,,,
read,total_dc_power,2,5017,"U32"" # Documentation says Unsigned, but seems to be returning Signed 32bit",,W,,,,,
read,phase_a_voltage,1,5019,U16,0.1,V,,,,,
read,phase_b_voltage,2,5020,U16,0.1,V,,,,,
read,phase_c_voltage,2,5021,U16,0.1,V,,,,,
read,phase_a_current,2,5022,"S16"" # Documentation says Unsigned, but seems to be returning Signed 16bit",0.1,A,SG30KTL|SG10KTL|SG12KTL|SG15KTL|SG20KTL|SG30KU|SG36KTL|SG36KU|SG40KTL|SG40KTL-M|SG50KTL-M|SG60KTL-M|SG60KU|SG30KTL-M|SG30KTL-M-V31|SG33KTL-M|SG36KTL-M|SG33K3J|SG49K5J|SG34KJ|LP_P34KSG|SG50KTL-M-20|SG60KTL|SG80KTL|SG80KTL-20|SG60KU-M|SG5KTL-MT|SG6KTL-MT|SG8KTL-M|SG10KTL-M|SG10KTL-MT|SG12KTL-M|SG15KTL-M|SG17KTL-M|SG20KTL-M|SG80KTL-M|SG111HV|SG125HV|SG125HV-20|SG30CX|SG33CX|SG36CX-US|SG40CX|SG50CX|SG60CX-US|SG110CX|SG250HX|SG250HX-US|SG100CX|SG100CX-JP|SG250HX-IN|SG25CX-SA|SG75CX|SG3.0RT|SG4.0RT|SG5.0RT|SG3.0RS|SG4.0RS|SG5.0RS|SG6.0RT|SG7.0RT|SG8.0RT|SG8.0RS|SG10RT|SG12RT|SG15RT|SG17RT|SG20RT,,,,
read,phase_b_current,2,5023,"S16"" # Documentation says Unsigned, but seems to be returning Signed 16bit",0.1,A,SG30KTL|SG10KTL|SG12KTL|SG15KTL|SG20KTL|SG30KU|SG36KTL|SG36KU|SG40KTL|SG40KTL-M|SG50KTL-M|SG60KTL-M|SG60KU|SG30KTL-M|SG30KTL-M-V31|SG33KTL-M|SG36KTL-M|SG33K3J|SG49K5J|SG34KJ|LP_P34KSG|SG50KTL-M-20|SG60KTL|SG80KTL|SG80KTL-20|SG60KU-M|SG5KTL-MT|SG6KTL-MT|SG8KTL-M|SG10KTL-M|SG10KTL-MT|SG12KTL-M|SG15KTL-M|SG17KTL-M|SG20KTL-M|SG80KTL-M|SG111HV|SG125HV|SG125HV-20|SG30CX|SG33CX|SG36CX-US|SG40CX|SG50CX|SG60CX-US|SG110CX|SG250HX|SG250HX-US|SG100CX|SG100CX-JP|SG250HX-IN|SG25CX-SA|SG75CX|SG3.0RT|SG4.0RT|SG5.0RT|SG6.0RT|SG7.0RT|SG8.0RT|SG8.0RS|SG10RT|SG12RT|SG15RT|SG17RT|SG20RT,,,,
read,phase_c_current,2,5024,"S16"" # Documentation says Unsigned, but seems to be returning Signed 16bit",0.1,A,SG30KTL|SG10KTL|SG12KTL|SG15KTL|SG20KTL|SG30KU|SG36KTL|SG36KU|SG40KTL|SG40KTL-M|SG50KTL-M|SG60KTL-M|SG60KU|SG30KTL-M|SG30KTL-M-V31|SG33KTL-M|SG36KTL-M|SG33K3J|SG49K5J|SG34KJ|LP_P34KSG|SG50KTL-M-20|SG60KTL|SG80KTL|SG80KTL-20|SG60KU-M|SG5KTL-MT|SG6KTL-MT|SG8KTL-M|SG10KTL-M|SG10KTL-MT|SG12KTL-M|SG15KTL-M|SG17KTL-M|SG20KTL-M|SG80KTL-M|SG111HV|SG125HV|SG125HV-20|SG30CX|SG33CX|SG36CX-US|SG40CX|SG50CX|SG60CX-US|SG110CX|SG250HX|SG250HX-US|SG100CX|SG100CX-JP|SG250HX-IN|SG25CX-SA|SG75CX|SG3.0RT|SG4.0RT|SG5.0RT|SG6.0RT|SG7.0RT|SG8.0RT|SG8.0RS|SG10RT|SG12RT|SG15RT|SG17RT|SG20RT,,,,
read,total_active_power,0,5031,U32,,W,SG30KTL|SG10KTL|SG12KTL|SG15KTL|SG20KTL|SG30KU|SG36KTL|SG36KU|SG40KTL|SG40KTL-M|SG50KTL-M|SG60KTL-M|SG60KU|SG30KTL-M|SG30KTL-M-V31|SG33KTL-M|SG36KTL-M|SG33K3J|SG49K5J|SG34KJ|LP_P34KSG|SG50KTL-M-20|SG60KTL|SG80KTL|SG80KTL-20|SG60KU-M|SG5KTL-MT|SG6KTL-MT|SG8KTL-M|SG10KTL-M|SG10KTL-MT|SG12KTL-M|SG15KTL-M|SG17KTL-M|SG20KTL-M|SG80KTL-M|SG111HV|SG125HV|SG125HV-20|SG30CX|SG33CX|SG36CX-US|SG40CX|SG50CX|SG60CX-US|SG110CX|SG250HX|SG250HX-US|SG100CX|SG100CX-JP|SG250HX-IN|SG25CX-SA|SG75CX|SG3.0RT|SG4.0RT|SG5.0RT|SG3.0RS|SG4.0RS|SG5.0RS|SG6.0RT|SG7.0RT|SG8.0RT|SG8.0RS|SG10RT|SG12RT|SG15RT|SG17RT|SG20RT|SG3K-D|SG5K-D|SG8K-D,,,,
read,total_reactive_power,2,5033,S32,,Var,,,,,
read,"power_factor""                # >0 means leading, <0 means lagging",2,5035,S16,0.001,,,,,,
read,grid_frequency,2,5036,U16,0.1,Hz,,,,,
read,"work_state_1""                # See Appendix 1",1,5038,U16,,,SG30KTL|SG10KTL|SG12KTL|SG15KTL|SG20KTL|SG30KU|SG36KTL|SG36KU|SG40KTL|SG40KTL-M|SG50KTL-M|SG60KTL-M|SG60KU|SG30KTL-M|SG30KTL-M-V31|SG33KTL-M|SG36KTL-M|SG33K3J|SG49K5J|SG34KJ|LP_P34KSG|SG50KTL-M-20|SG60KTL|SG80KTL|SG80KTL-20|SG60KU-M|SG5KTL-MT|SG6KTL-MT|SG8KTL-M|SG10KTL-M|SG10KTL-MT|SG12KTL-M|SG15KTL-M|SG17KTL-M|SG20KTL-M|SG80KTL-M|SG111HV|SG125HV|SG125HV-20|SG30CX|SG33CX|SG36CX-US|SG40CX|SG50CX|SG60CX-US|SG110CX|SG250HX|SG250HX-US|SG100CX|SG100CX-JP|SG250HX-IN|SG25CX-SA|SG75CX|SG3.0RT|SG4.0RT|SG5.0RT|SG3.0RS|SG4.0RS|SG5.0RS|SG6.0RT|SG7.0RT|SG8.0RT|SG8.0RS|SG10RT|SG12RT|SG15RT|SG17RT|SG20RT|SG3K-D|SG5K-D|SG8K-D,"[{""response"": 0, ""value"": ""Run""}, {""response"": 32768, ""value"": ""Stop""}, {""response"": 4864, ""value"": ""Key Stop""}, {""response"": 5376, ""value"": ""Emergency Stop""}, {""response"": 5120, ""value"": ""Standby""}, {""response"": 4608, ""value"": ""Initial Standby""}, {""response"": 5632, ""value"": ""Starting""}, {""response"": 37120, ""value"": ""Alarm Run""}, {""response"": 33024, ""value"": ""Derating Run""}, {""response"": 33280, ""value"": ""Dispatch Run""}, {""response"": 21760, ""value"": ""Fault""}, {""response"": 9472, ""value"": ""Communication Fault""}]",,,
read,alarm_time_year,3,5039,U16,,,SG30KTL|SG10KTL|SG12KTL|SG15KTL|SG20KTL|SG30KU|SG36KTL|SG36KU|SG40KTL|SG40KTL-M|SG50KTL-M|SG60KTL-M|SG60KU|SG30KTL-M|SG30KTL-M-V31|SG33KTL-M|SG36KTL-M|SG33K3J|SG49K5J|SG34KJ|LP_P34KSG|SG50KTL-M-20|SG60KTL|SG80KTL|SG80KTL-20|SG60KU-M|SG5KTL-MT|SG6KTL-MT|SG8KTL-M|SG10KTL-M|SG10KTL-MT|SG12KTL-M|SG15KTL-M|SG17KTL-M|SG20KTL-M|SG80KTL-M|SG111HV|SG125HV|SG125HV-20|SG30CX|SG33CX|SG36CX-US|SG40CX|SG50CX|SG60CX-US|SG110CX|SG250HX|SG250HX-US|SG100CX|SG100CX-JP|SG250HX-IN|SG25CX-SA|SG75CX|SG3.0RT|SG4.0RT|SG5.0RT|SG3.0RS|SG4.0RS|SG5.0RS|SG6.0RT|SG7.0RT|SG8.0RT|SG8.0RS|SG10RT|SG12RT|SG15RT|SG17RT|SG20RT|SG3K-D|SG5K-D|SG8K-D,,,,
read,alarm_time_month,3,5040,U16,,,SG30KTL|SG10KTL|SG12KTL|SG15KTL|SG20KTL|SG30KU|SG36KTL|SG36KU|SG40KTL|SG40KTL-M|SG50KTL-M|SG60KTL-M|SG60KU|SG30KTL-M|SG30KTL-M-V31|SG33KTL-M|SG36KTL-M|SG33K3J|SG49K5J|SG34KJ|LP_P34KSG|SG50KTL-M-20|SG60KTL|SG80KTL|SG80KTL-20|SG60KU-M|SG5KTL-MT|SG6KTL-MT|SG8KTL-M|SG10KTL-M|SG10KTL-MT|SG12KTL-M|SG15KTL-M|SG17KTL-M|SG20KTL-M|SG80KTL-M|SG111HV|SG125HV|SG125HV-20|SG30CX|SG33CX|SG36CX-US|SG40CX|SG50CX|SG60CX-US|SG110CX|SG250HX|SG250HX-US|SG100CX|SG100CX-JP|SG250HX-IN|SG25CX-SA|SG75CX|SG3.0RT|SG4.0RT|SG5.0RT|SG3.0RS|SG4.0RS|SG5.0RS|SG6.0RT|SG7.0RT|SG8.0RT|SG8.0RS|SG10RT|SG12RT|SG15RT|SG17RT|SG20RT|SG3K-D|SG5K-D|SG8K-D,,,,
read,alarm_time_day,3,5041,U16,,,SG30KTL|SG10KTL|SG12KTL|SG15KTL|SG20KTL|SG30KU|SG36KTL|SG36KU|SG40KTL|SG40KTL-M|SG50KTL-M|SG60KTL-M|SG60KU|SG30KTL-M|SG30KTL-M-V31|SG33KTL-M|SG36KTL-M|SG33K3J|SG49K5J|SG34KJ|LP_P34KSG|SG50KTL-M-20|SG60KTL|SG80KTL|SG80KTL-20|SG60KU-M|SG5KTL-MT|SG6KTL-MT|SG8KTL-M|SG10KTL-M|SG10KTL-MT|SG12KTL-M|SG15KTL-M|SG17KTL-M|SG20KTL-M|SG80KTL-M|SG111HV|SG125HV|SG125HV-20|SG30CX|SG33CX|SG36CX-US|SG40CX|SG50CX|SG60CX-US|SG110CX|SG250HX|SG250HX-US|SG100CX|SG100CX-JP|SG250HX-IN|SG25CX-SA|SG75CX|SG3.0RT|SG4.0RT|SG5.0RT|SG3.0RS|SG4.0RS|SG5.0RS|SG6.0RT|SG7.0RT|SG8.0RT|SG8.0RS|SG10RT|SG12RT|SG15RT|SG17RT|SG20RT|SG3K-D|SG5K-D|SG8K-D,,,,
read,alarm_time_hour,3,5042,U16,,,SG30KTL|SG10KTL|SG12KTL|SG15KTL|SG20KTL|SG30KU|SG36KTL|SG36KU|SG40KTL|SG40KTL-M|SG50KTL-M|SG60KTL-M|SG60KU|SG30KTL-M|SG30KTL-M-V31|SG33KTL-M|SG36KTL-M|SG33K3J|SG49K5J|SG34KJ|LP_P34KSG|SG50KTL-M-20|SG60KTL|SG80KTL|SG80KTL-20|SG60KU-M|SG5KTL-MT|SG6KTL-MT|SG8KTL-M|SG10KTL-M|SG10KTL-MT|SG12KTL-M|SG15KTL-M|SG17KTL-M|SG20KTL-M|SG80KTL-M|SG111HV|SG125HV|SG125HV-20|SG30CX|SG33CX|SG36CX-US|SG40CX|SG50CX|SG60CX-US|SG110CX|SG250HX|SG250HX-US|SG100CX|SG100CX-JP|SG250HX-IN|SG25CX-SA|SG75CX|SG3.0RT|SG4.0RT|SG5.0RT|SG3.0RS|SG4.0RS|SG5.0RS|SG6.0RT|SG7.0RT|SG8.0RT|SG8.0RS|SG10RT|SG12RT|SG15RT|SG17RT|SG20RT|SG3K-D|SG5K-D|SG8K-D,,,,
read,alarm_time_minute,3,5043,U16,,,SG30KTL|SG10KTL|SG12KTL|SG15KTL|SG20KTL|SG30KU|SG36KTL|SG36KU|SG40KTL|SG40KTL-M|SG50KTL-M|SG60KTL-M|SG60KU|SG30KTL-M|SG30KTL-M-V31|SG33KTL-M|SG36KTL-M|SG33K3J|SG49K5J|SG34KJ|LP_P34KSG|SG50KTL-M-20|SG60KTL|SG80KTL|SG80KTL-20|SG60KU-M|SG5KTL-MT|SG6KTL-MT|SG8KTL-M|SG10KTL-M|SG10KTL-MT|SG12KTL-M|SG15KTL-M|SG17KTL-M|SG20KTL-M|SG80KTL-M|SG111HV|SG125HV|SG125HV-20|SG30CX|SG33CX|SG36CX-US|SG40CX|SG50CX|SG60CX-US|SG110CX|SG250HX|SG250HX-US|SG100CX|SG100CX-JP|SG250HX-IN|SG25CX-SA|SG75CX|SG3.0RT|SG4.0RT|SG5.0RT|SG3.0RS|SG4.0RS|SG5.0RS|SG6.0RT|SG7.0RT|SG8.0RT|SG8.0RS|SG10RT|SG12RT|SG15RT|SG17RT|SG20RT|SG3K-D|SG5K-D|SG8K-D,,,,
read,alarm_time_second,3,5045,U16,,,SG30KTL|SG10KTL|SG12KTL|SG15KTL|SG20KTL|SG30KU|SG36KTL|SG36KU|SG40KTL|SG40KTL-M|SG50KTL-M|SG60KTL-M|SG60KU|SG30KTL-M|SG30KTL-M-V31|SG33KTL-M|SG36KTL-M|SG33K3J|SG49K5J|SG34KJ|LP_P34KSG|SG50KTL-M-20|SG60KTL|SG80KTL|SG80KTL-20|SG60KU-M|SG5KTL-MT|SG6KTL-MT|SG8KTL-M|SG10KTL-M|SG10KTL-MT|SG12KTL-M|SG15KTL-M|SG17KTL-M|SG20KTL-M|SG80KTL-M|SG111HV|SG125HV|SG125HV-20|SG30CX|SG33CX|SG36CX-US|SG40CX|SG50CX|SG60CX-US|SG110CX|SG250HX|SG250HX-US|SG100CX|SG100CX-JP|SG250HX-IN|SG25CX-SA|SG75CX|SG3.0RT|SG4.0RT|SG5.0RT|SG3.0RS|SG4.0RS|SG5.0RS|SG6.0RT|SG7.0RT|SG8.0RT|SG8.0RS|SG10RT|SG12RT|SG15RT|SG17RT|SG20RT|SG3K-D|SG5K-D|SG8K-D,,,,
read,"alarm_code_1""               # See Appendix 3",3,5045,U16,,,SG30KTL|SG10KTL|SG12KTL|SG15KTL|SG20KTL|SG30KU|SG36KTL|SG36KU|SG40KTL|SG40KTL-M|SG50KTL-M|SG60KTL-M|SG60KU|SG30KTL-M|SG30KTL-M-V31|SG33KTL-M|SG36KTL-M|SG33K3J|SG49K5J|SG34KJ|LP_P34KSG|SG50KTL-M-20|SG60KTL|SG80KTL|SG80KTL-20|SG60KU-M|SG5KTL-MT|SG6KTL-MT|SG8KTL-M|SG10KTL-M|SG10KTL-MT|SG12KTL-M|SG15KTL-M|SG17KTL-M|SG20KTL-M|SG80KTL-M|SG111HV|SG125HV|SG125HV-20|SG30CX|SG33CX|SG36CX-US|SG40CX|SG50CX|SG60CX-US|SG110CX|SG250HX|SG250HX-US|SG100CX|SG100CX-JP|SG250HX-IN|SG25CX-SA|SG75CX|SG3.0RT|SG4.0RT|SG5.0RT|SG3.0RS|SG4.0RS|SG5.0RS|SG6.0RT|SG7.0RT|SG8.0RT|SG8.0RS|SG10RT|SG12RT|SG15RT|SG17RT|SG20RT|SG3K-D|SG5K-D|SG8K-D,,,,
read,nominal_reactive_power,2,5049,U16,0.1,kVar,SG30KTL|SG10KTL|SG12KTL|SG15KTL|SG20KTL|SG30KU|SG36KTL|SG36KU|SG40KTL|SG40KTL-M|SG50KTL-M|SG60KTL-M|SG60KU|SG30KTL-M|SG30KTL-M-V31|SG33KTL-M|SG36KTL-M|SG33K3J|SG49K5J|SG34KJ|LP_P34KSG|SG50KTL-M-20|SG60KTL|SG80KTL|SG80KTL-20|SG60KU-M|SG5KTL-MT|SG6KTL-MT|SG8KTL-M|SG10KTL-M|SG10KTL-MT|SG12KTL-M|SG15KTL-M|SG17KTL-M|SG20KTL-M|SG80KTL-M|SG111HV|SG125HV|SG125HV-20|SG30CX|SG33CX|SG36CX-US|SG40CX|SG50CX|SG60CX-US|SG110CX|SG250HX|SG250HX-US|SG100CX|SG100CX-JP|SG250HX-IN|SG25CX-SA|SG75CX|SG3.0RT|SG4.0RT|SG5.0RT|SG3.0RS|SG4.0RS|SG5.0RS|SG6.0RT|SG7.0RT|SG8.0RT|SG8.0RS|SG10RT|SG12RT|SG15RT|SG17RT|SG20RT|SG3K-D|SG5K-D|SG8K-D,,,,
read,array_insulation_resistance,2,5071,U16,,k-ohm,SG30KTL|SG10KTL|SG12KTL|SG15KTL|SG20KTL|SG30KU|SG36KTL|SG36KU|SG40KTL|SG40KTL-M|SG50KTL-M|SG60KTL-M|SG60KU|SG30KTL-M|SG30KTL-M-V31|SG33KTL-M|SG36KTL-M|SG33K3J|SG49K5J|SG34KJ|LP_P34KSG|SG50KTL-M-20|SG60KTL|SG80KTL|SG80KTL-20|SG60KU-M|SG5KTL-MT|SG6KTL-MT|SG8KTL-M|SG10KTL-M|SG10KTL-MT|SG12KTL-M|SG15KTL-M|SG17KTL-M|SG20KTL-M|SG80KTL-M|SG111HV|SG125HV|SG125HV-20|SG30CX|SG33CX|SG36CX-US|SG40CX|SG50CX|SG60CX-US|SG110CX|SG250HX|SG250HX-US|SG100CX|SG100CX-JP|SG250HX-IN|SG25CX-SA|SG75CX|SG3.0RT|SG4.0RT|SG5.0RT|SG3.0RS|SG4.0RS|SG5.0RS|SG6.0RT|SG7.0RT|SG8.0RT|SG8.0RS|SG10RT|SG12RT|SG15RT|SG17RT|SG20RT,,,,
read,active_power_regulation_setpoint,2,5077,U32,,W,SG30KTL|SG10KTL|SG12KTL|SG15KTL|SG20KTL|SG30KU|SG36KTL|SG36KU|SG40KTL|SG40KTL-M|SG50KTL-M|SG60KTL-M|SG60KU|SG30KTL-M|SG30KTL-M-V31|SG33KTL-M|SG36KTL-M|SG33K3J|SG49K5J|SG34KJ|LP_P34KSG|SG50KTL-M-20|SG60KTL|SG80KTL|SG80KTL-20|SG60KU-M|SG5KTL-MT|SG6KTL-MT|SG8KTL-M|SG10KTL-M|SG10KTL-MT|SG12KTL-M|SG15KTL-M|SG17KTL-M|SG20KTL-M|SG80KTL-M|SG111HV|SG125HV|SG125HV-20|SG30CX|SG33CX|SG36CX-US|SG40CX|SG50CX|SG60CX-US|SG110CX|SG250HX|SG250HX-US|SG100CX|SG100CX-JP|SG250HX-IN|SG25CX-SA|SG75CX|SG3.0RT|SG4.0RT|SG5.0RT|SG3.0RS|SG4.0RS|SG5.0RS|SG6.0RT|SG7.0RT|SG8.0RT|SG8.0RS|SG10RT|SG12RT|SG15RT|SG17RT|SG20RT|SH10RT|SH10RT-V112|SH10RT-20|SH8.0RT|SH6.0RT|SH5.0RT|SH5.0RT-V112,,,,
read,reactive_power_regulation_setpoint,2,5079,S32,,Var,SG30KTL|SG10KTL|SG12KTL|SG15KTL|SG20KTL|SG30KU|SG36KTL|SG36KU|SG40KTL|SG40KTL-M|SG50KTL-M|SG60KTL-M|SG60KU|SG30KTL-M|SG30KTL-M-V31|SG33KTL-M|SG36KTL-M|SG33K3J|SG49K5J|SG34KJ|LP_P34KSG|SG50KTL-M-20|SG60KTL|SG80KTL|SG80KTL-20|SG60KU-M|SG5KTL-MT|SG6KTL-MT|SG8KTL-M|SG10KTL-M|SG10KTL-MT|SG12KTL-M|SG15KTL-M|SG17KTL-M|SG20KTL-M|SG80KTL-M|SG111HV|SG125HV|SG125HV-20|SG30CX|SG33CX|SG36CX-US|SG40CX|SG50CX|SG60CX-US|SG110CX|SG250HX|SG250HX-US|SG100CX|SG100CX-JP|SG250HX-IN|SG25CX-SA|SG75CX|SG3.0RT|SG4.0RT|SG5.0RT|SG3.0RS|SG4.0RS|SG5.0RS|SG6.0RT|SG7.0RT|SG8.0RT|SG8.0RS|SG10RT|SG12RT|SG15RT|SG17RT|SG20RT,,,,
read,"work_state_2""                # See Appendix 2",2,5081,U32,,,SG30KTL|SG10KTL|SG12KTL|SG15KTL|SG20KTL|SG30KU|SG36KTL|SG36KU|SG40KTL|SG40KTL-M|SG50KTL-M|SG60KTL-M|SG60KU|SG30KTL-M|SG30KTL-M-V31|SG33KTL-M|SG36KTL-M|SG33K3J|SG49K5J|SG34KJ|LP_P34KSG|SG50KTL-M-20|SG60KTL|SG80KTL|SG80KTL-20|SG60KU-M|SG5KTL-MT|SG6KTL-MT|SG8KTL-M|SG10KTL-M|SG10KTL-MT|SG12KTL-M|SG15KTL-M|SG17KTL-M|SG20KTL-M|SG80KTL-M|SG111HV|SG125HV|SG125HV-20|SG30CX|SG33CX|SG36CX-US|SG40CX|SG50CX|SG60CX-US|SG110CX|SG250HX|SG250HX-US|SG100CX|SG100CX-JP|SG250HX-IN|SG25CX-SA|SG75CX|SG3.0RT|SG4.0RT|SG5.0RT|SG3.0RS|SG4.0RS|SG5.0RS|SG6.0RT|SG7.0RT|SG8.0RT|SG8.0RS|SG10RT|SG12RT|SG15RT|SG17RT|SG20RT|SG3K-D|SG5K-D|SG8K-D,"[{""response"": 0, ""value"": ""Run""}, {""response"": 1, ""value"": ""Stop""}, {""response"": 3, ""value"": ""Key Stop""}, {""response"": 5, ""value"": ""Emergency Stop""}, {""response"": 4, ""value"": ""Standby""}, {""response"": 2, ""value"": ""Initial Standby""}, {""response"": 6, ""value"": ""Starting""}, {""response"": 10, ""value"": ""Alarm Run""}, {""response"": 11, ""value"": ""Derating Run""}, {""response"": 12, ""value"": ""Dispatch Run""}, {""response"": 9, ""value"": ""Fault""}, {""response"": 13, ""value"": ""Communication Fault""}, {""response"": 17, ""value"": ""Total Run Bit""}, {""response"": 18, ""value"": ""Total Fault Bit""}]",,,
read,meter_power,1,5083,S32,,W,SG5KTL-MT|SG6KTL-MT|SG8KTL-M|SG10KTL-M|SG10KTL-MT|SG12KTL-M|SG15KTL-M|SG17KTL-M|SG20KTL-M,,,,true
read,meter_a_phase_power,2,5085,S32,,W,SG5KTL-MT|SG6KTL-MT|SG8KTL-M|SG10KTL-M|SG10KTL-MT|SG12KTL-M|SG15KTL-M|SG17KTL-M|SG20KTL-M,,,,
read,meter_b_phase_power,2,5087,S32,,W,SG5KTL-MT|SG6KTL-MT|SG8KTL-M|SG10KTL-M|SG10KTL-MT|SG12KTL-M|SG15KTL-M|SG17KTL-M|SG20KTL-M,,,,
read,meter_c_phase_power,2,5089,S32,,W,SG5KTL-MT|SG6KTL-MT|SG8KTL-M|SG10KTL-M|SG10KTL-MT|SG12KTL-M|SG15KTL-M|SG17KTL-M|SG20KTL-M,,,,
read,load_power,1,5091,S32,,W,SG5KTL-MT|SG6KTL-MT|SG8KTL-M|SG10KTL-M|SG10KTL-MT|SG12KTL-M|SG15KTL-M|SG17KTL-M|SG20KTL-M,,,,true
read,daily_export_energy,1,5093,U32,0.1,kWh,SG5KTL-MT|SG6KTL-MT|SG8KTL-M|SG10KTL-M|SG10KTL-MT|SG12KTL-M|SG15KTL-M|SG17KTL-M|SG20KTL-M|SG3K-D|SG5K-D|SG8K-D,,,,
read,total_export_energy,1,5095,U32,0.1,kWh,SG5KTL-MT|SG6KTL-MT|SG8KTL-M|SG10KTL-M|SG10KTL-MT|SG12KTL-M|SG15KTL-M|SG17KTL-M|SG20KTL-M|SG3K-D|SG5K-D|SG8K-D,,,,
read,daily_import_energy,1,5097,U32,0.1,kWh,SG5KTL-MT|SG6KTL-MT|SG8KTL-M|SG10KTL-M|SG10KTL-MT|SG12KTL-M|SG15KTL-M|SG17KTL-M|SG20KTL-M|SG3K-D|SG5K-D|SG8K-D,,,,
read,total_import_energy,1,5099,U32,0.1,kWh,SG5KTL-MT|SG6KTL-MT|SG8KTL-M|SG10KTL-M|SG10KTL-MT|SG12KTL-M|SG15KTL-M|SG17KTL-M|SG20KTL-M|SG3K-D|SG5K-D|SG8K-D,,,,
read,daily_direct_energy_consumption,1,5101,U32,0.1,kWh,SG5KTL-MT|SG6KTL-MT|SG8KTL-M|SG10KTL-M|SG10KTL-MT|SG12KTL-M|SG15KTL-M|SG17KTL-M|SG20KTL-M|SG3K-D|SG5K-D|SG8K-D,,,,
read,total_direct_energy_consumption,1,5103,U32,0.1,kWh,SG5KTL-MT|SG6KTL-MT|SG8KTL-M|SG10KTL-M|SG10KTL-MT|SG12KTL-M|SG15KTL-M|SG17KTL-M|SG20KTL-M|SG3K-D|SG5K-D|SG8K-D,,,,
read,daily_running_time,1,5113,U16,,min,,,,,
read,mppt_4_voltage,2,5115,U16,0.1,V,SG50KTL-M|SG60KTL-M|SG49K5J|SG50KTL-M-20|SG60KU-M|SG80KTL-M|SG40CX|SG50CX|SG60CX-US|SG110CX|SG250HX|SG250HX-US|SG100CX|SG100CX-JP|SG250HX-IN|SG75CX,,,,
read,mppt_4_current,2,5116,U16,0.1,A,SG50KTL-M|SG60KTL-M|SG49K5J|SG50KTL-M-20|SG60KU-M|SG80KTL-M|SG40CX|SG50CX|SG60CX-US|SG110CX|SG250HX|SG250HX-US|SG100CX|SG100CX-JP|SG250HX-IN|SG75CX,,,,
read,mppt_5_voltage,2,5117,U16,0.1,V,SG50CX|SG60CX-US|SG110CX|SG250HX|SG250HX-US|SG100CX|SG100CX-JP|SG250HX-IN|SG75CX,,,,
read,mppt_5_current,2,5118,U16,0.1,A,SG50CX|SG60CX-US|SG110CX|SG250HX|SG250HX-US|SG100CX|SG100CX-JP|SG250HX-IN|SG75CX,,,,
read,mppt_6_voltage,2,5119,U16,0.1,V,SG110CX|SG250HX|SG250HX-US|SG100CX|SG100CX-JP|SG250HX-IN|SG75CX,,,,
read,mppt_6_current,2,5120,U16,0.1,A,SG110CX|SG250HX|SG250HX-US|SG100CX|SG100CX-JP|SG250HX-IN|SG75CX,,,,
read,mppt_7_voltage,2,5121,U16,0.1,V,SG110CX|SG250HX|SG250HX-US|SG100CX|SG100CX-JP|SG250HX-IN|SG75CX,,,,
read,mppt_7_current,2,5122,U16,0.1,A,SG110CX|SG250HX|SG250HX-US|SG100CX|SG100CX-JP|SG250HX-IN|SG75CX,,,,
read,mppt_8_voltage,2,5123,U16,0.1,V,SG110CX|SG250HX|SG250HX-US|SG100CX|SG100CX-JP|SG250HX-IN|SG75CX,,,,
read,mppt_8_current,2,5124,U16,0.1,A,SG110CX|SG250HX|SG250HX-US|SG100CX|SG100CX-JP|SG250HX-IN|SG75CX,,,,
read,monthly_power_yields,1,5128,U32,0.1,kWh,SG30KTL|SG10KTL|SG12KTL|SG15KTL|SG20KTL|SG30KU|SG36KTL|SG36KU|SG40KTL|SG40KTL-M|SG50KTL-M|SG60KTL-M|SG60KU|SG30KTL-M|SG30KTL-M-V31|SG33KTL-M|SG36KTL-M|SG33K3J|SG49K5J|SG34KJ|LP_P34KSG|SG50KTL-M-20|SG60KTL|SG80KTL|SG80KTL-20|SG60KU-M|SG5KTL-MT|SG6KTL-MT|SG8KTL-M|SG10KTL-M|SG10KTL-MT|SG12KTL-M|SG15KTL-M|SG17KTL-M|SG20KTL-M|SG80KTL-M|SG111HV|SG125HV|SG125HV-20|SG30CX|SG33CX|SG36CX-US|SG40CX|SG50CX|SG60CX-US|SG110CX|SG250HX|SG250HX-US|SG100CX|SG100CX-JP|SG250HX-IN|SG25CX-SA|SG75CX|SG3.0RT|SG4.0RT|SG5.0RT|SG3.0RS|SG4.0RS|SG5.0RS|SG6.0RT|SG7.0RT|SG8.0RT|SG8.0RS|SG10RT|SG12RT|SG15RT|SG17RT|SG20RT,,,,
read,mppt_9_voltage,2,5130,U16,0.1,V,SG110CX|SG250HX|SG250HX-US|SG100CX|SG100CX-JP|SG250HX-IN|SG75CX,,,,
read,mppt_9_current,2,5131,U16,0.1,A,SG110CX|SG250HX|SG250HX-US|SG100CX|SG100CX-JP|SG250HX-IN|SG75CX,,,,
read,mppt_10_voltage,2,5132,U16,0.1,V,SG250HX|SG250HX-US|SG100CX|SG100CX-JP|SG250HX-IN,,,,
read,mppt_10_current,2,5133,U16,0.1,A,SG250HX|SG250HX-US|SG100CX|SG100CX-JP|SG250HX-IN,,,,
read,mppt_11_voltage,2,5134,U16,0.1,V,SG250HX|SG250HX-US|SG100CX|SG100CX-JP|SG250HX-IN,,,,
read,mppt_11_current,2,5135,U16,0.1,A,SG250HX|SG250HX-US|SG100CX|SG100CX-JP|SG250HX-IN,,,,
read,mppt_12_voltage,2,5136,U16,0.1,V,SG250HX|SG250HX-US|SG100CX|SG100CX-JP|SG250HX-IN,,,,
read,mppt_12_current,2,5137,U16,0.1,A,SG250HX|SG250HX-US|SG100CX|SG100CX-JP|SG250HX-IN,,,,
read,total_power_yields,1,5144,U32,0.1,kWh,SG5KTL-MT|SG6KTL-MT|SG8KTL-M|SG10KTL-M|SG10KTL-MT|SG12KTL-M|SG15KTL-M|SG17KTL-M|SG20KTL-M|SG3.0RT|SG4.0RT|SG5.0RT|SG3.0RS|SG4.0RS|SG5.0RS|SG6.0RT|SG7.0RT|SG8.0RT|SG8.0RS|SG10RT|SG12RT|SG15RT|SG17RT|SG20RT|SG80KTL-M|SG111HV|SG125HV|SG125HV-20|SG33CX|SG40CX|SG50CX|SG110CX|SG250HX|SG30CX|SG36CX-US|SG60CX-US|SG250HX-US|SG250HX-IN|SG25CX-SA|SG100CX|SG75CX|SG225HX|SG3K-D|SG5K-D|SG8K-D,,,,
read,negative_voltage_to_the_ground,2,5146,S16,0.1,V,SG30KTL|SG10KTL|SG12KTL|SG15KTL|SG20KTL|SG30KU|SG36KTL|SG36KU|SG40KTL|SG40KTL-M|SG50KTL-M|SG60KTL-M|SG60KU|SG30KTL-M|SG30KTL-M-V31|SG33KTL-M|SG36KTL-M|SG33K3J|SG49K5J|SG34KJ|LP_P34KSG|SG50KTL-M-20|SG60KTL|SG80KTL|SG80KTL-20|SG60KU-M|SG5KTL-MT|SG6KTL-MT|SG8KTL-M|SG10KTL-M|SG10KTL-MT|SG12KTL-M|SG15KTL-M|SG17KTL-M|SG20KTL-M|SG80KTL-M|SG111HV|SG125HV|SG125HV-20|SG30CX|SG33CX|SG36CX-US|SG40CX|SG50CX|SG60CX-US|SG110CX|SG250HX|SG250HX-US|SG100CX|SG100CX-JP|SG250HX-IN|SG25CX-SA|SG75CX|SG3.0RT|SG4.0RT|SG5.0RT|SG3.0RS|SG4.0RS|SG5.0RS|SG6.0RT|SG7.0RT|SG8.0RT|SG8.0RS|SG10RT|SG12RT|SG15RT|SG17RT|SG20RT,,,,
read,bus_voltage,2,5147,U16,0.1,V,SG30KTL|SG10KTL|SG12KTL|SG15KTL|SG20KTL|SG30KU|SG36KTL|SG36KU|SG40KTL|SG40KTL-M|SG50KTL-M|SG60KTL-M|SG60KU|SG30KTL-M|SG30KTL-M-V31|SG33KTL-M|SG36KTL-M|SG33K3J|SG49K5J|SG34KJ|LP_P34KSG|SG50KTL-M-20|SG60KTL|SG80KTL|SG80KTL-20|SG60KU-M|SG5KTL-MT|SG6KTL-MT|SG8KTL-M|SG10KTL-M|SG10KTL-MT|SG12KTL-M|SG15KTL-M|SG17KTL-M|SG20KTL-M|SG80KTL-M|SG111HV|SG125HV|SG125HV-20|SG30CX|SG33CX|SG36CX-US|SG40CX|SG50CX|SG60CX-US|SG110CX|SG250HX|SG250HX-US|SG100CX|SG100CX-JP|SG250HX-IN|SG25CX-SA|SG75CX|SG3.0RT|SG4.0RT|SG5.0RT|SG3.0RS|SG4.0RS|SG5.0RS|SG6.0RT|SG7.0RT|SG8.0RT|SG8.0RS|SG10RT|SG12RT|SG15RT|SG17RT|SG20RT,,,,
read,grid_frequency,2,5148,U16,0.01,Hz,SG5KTL-MT|SG6KTL-MT|SG8KTL-M|SG10KTL-M|SG10KTL-MT|SG12KTL-M|SG15KTL-M|SG17KTL-M|SG20KTL-M|SG3.0RT|SG4.0RT|SG5.0RT|SG3.0RS|SG4.0RS|SG5.0RS|SG6.0RT|SG7.0RT|SG8.0RT|SG8.0RS|SG10RT|SG12RT|SG15RT|SG17RT|SG20RT|SG80KTL-M|SG111HV|SG125HV|SG125HV-20|SG33CX|SG40CX|SG50CX|SG110CX|SG250HX|SG30CX|SG36CX-US|SG60CX-US|SG250HX-US|SG250HX-IN|SG25CX-SA|SG100CX|SG75CX|SG225HX|SG3K-D|SG5K-D|SG8K-D,,,,
read,pid_work_state,2,5150,U16,,,SG5KTL-MT|SG6KTL-MT|SG8KTL-M|SG10KTL-M|SG10KTL-MT|SG12KTL-M|SG15KTL-M|SG17KTL-M|SG20KTL-M|SG3.0RT|SG4.0RT|SG5.0RT|SG3.0RS|SG4.0RS|SG5.0RS|SG6.0RT|SG7.0RT|SG8.0RT|SG8.0RS|SG10RT|SG12RT|SG15RT|SG17RT|SG20RT|SG80KTL-M|SG111HV|SG125HV|SG125HV-20|SG33CX|SG40CX|SG50CX|SG110CX|SG250HX|SG30CX|SG36CX-US|SG60CX-US|SG250HX-US|SG250HX-IN|SG25CX-SA|SG100CX|SG75CX|SG225HX,"[{""response"": 2, ""value"": ""PID Recover Operation""}, {""response"": 4, ""value"": ""Anti-PID Operation""}, {""response"": 8, ""value"": ""PID Abnormity""}]",,,
read,pid_alarm_code,2,5151,U16,,,SG30KTL|SG10KTL|SG12KTL|SG15KTL|SG20KTL|SG30KU|SG36KTL|SG36KU|SG40KTL|SG40KTL-M|SG50KTL-M|SG60KTL-M|SG60KU|SG30KTL-M|SG30KTL-M-V31|SG33KTL-M|SG36KTL-M|SG33K3J|SG49K5J|SG34KJ|LP_P34KSG|SG50KTL-M-20|SG60KTL|SG80KTL|SG80KTL-20|SG60KU-M|SG5KTL-MT|SG6KTL-MT|SG8KTL-M|SG10KTL-M|SG10KTL-MT|SG12KTL-M|SG15KTL-M|SG17KTL-M|SG20KTL-M|SG80KTL-M|SG111HV|SG125HV|SG125HV-20|SG30CX|SG33CX|SG36CX-US|SG40CX|SG50CX|SG60CX-US|SG110CX|SG250HX|SG250HX-US|SG100CX|SG100CX-JP|SG250HX-IN|SG25CX-SA|SG75CX|SG3.0RT|SG4.0RT|SG5.0RT|SG3.0RS|SG4.0RS|SG5.0RS|SG6.0RT|SG7.0RT|SG8.0RT|SG8.0RS|SG10RT|SG12RT|SG15RT|SG17RT|SG20RT,"[{""response"": 432, ""value"": ""PID resistance abnormal""}, {""response"": 433, ""value"": ""PID function abnormal""}, {""response"": 434, ""value"": ""PID overvoltage/overcurrent protection""}]",,,
read,export_power,2,5216,S32,,W,SG30KTL|SG10KTL|SG12KTL|SG15KTL|SG20KTL|SG30KU|SG36KTL|SG36KU|SG40KTL|SG40KTL-M|SG50KTL-M|SG60KTL-M|SG60KU|SG30KTL-M|SG30KTL-M-V31|SG33KTL-M|SG36KTL-M|SG33K3J|SG49K5J|SG34KJ|LP_P34KSG|SG50KTL-M-20|SG60KTL|SG80KTL|SG80KTL-20|SG60KU-M|SG5KTL-MT|SG6KTL-MT|SG8KTL-M|SG10KTL-M|SG10KTL-MT|SG12KTL-M|SG15KTL-M|SG17KTL-M|SG20KTL-M|SG80KTL-M|SG111HV|SG125HV|SG125HV-20|SG30CX|SG33CX|SG36CX-US|SG40CX|SG50CX|SG60CX-US|SG110CX|SG250HX|SG250HX-US|SG100CX|SG100CX-JP|SG250HX-IN|SG25CX-SA|SG75CX|SG3.0RT|SG4.0RT|SG5.0RT|SG3.0RS|SG4.0RS|SG5.0RS|SG6.0RT|SG7.0RT|SG8.0RT|SG8.0RS|SG10RT|SG12RT|SG15RT|SG17RT|SG20RT,,,,
read,power_meter,2,5218,S32,,W,SG30KTL|SG10KTL|SG12KTL|SG15KTL|SG20KTL|SG30KU|SG36KTL|SG36KU|SG40KTL|SG40KTL-M|SG50KTL-M|SG60KTL-M|SG60KU|SG30KTL-M|SG30KTL-M-V31|SG33KTL-M|SG36KTL-M|SG33K3J|SG49K5J|SG34KJ|LP_P34KSG|SG50KTL-M-20|SG60KTL|SG80KTL|SG80KTL-20|SG60KU-M|SG5KTL-MT|SG6KTL-MT|SG8KTL-M|SG10KTL-M|SG10KTL-MT|SG12KTL-M|SG15KTL-M|SG17KTL-M|SG20KTL-M|SG80KTL-M|SG111HV|SG125HV|SG125HV-20|SG30CX|SG33CX|SG36CX-US|SG40CX|SG50CX|SG60CX-US|SG110CX|SG250HX|SG250HX-US|SG100CX|SG100CX-JP|SG250HX-IN|SG25CX-SA|SG75CX|SG3.0RT|SG4.0RT|SG5.0RT|SG3.0RS|SG4.0RS|SG5.0RS|SG6.0RT|SG7.0RT|SG8.0RT|SG8.0RS|SG10RT|SG12RT|SG15RT|SG17RT|SG20RT,,,,
read,meter_total_power,2,5601,S32,,W,SH5.0RS|SH3.6RS|SH4.6RS|SH6.0RS|SH10RT|SH10RT-V112|SH10RT-20|SH8.0RT|SH6.0RT|SH5.0RT|SH5.0RT-V112|SG8.0RT,,,,
read,meter_phase_a_power,2,5603,S32,,W,SH5.0RS|SH3.6RS|SH4.6RS|SH6.0RS|SH10RT|SH10RT-V112|SH10RT-20|SH8.0RT|SH6.0RT|SH5.0RT|SH5.0RT-V112|SG8.0RT,,,,
read,meter_phase_b_power,2,5605,S32,,W,SH5.0RS|SH3.6RS|SH4.6RS|SH6.0RS|SH10RT|SH10RT-V112|SH10RT-20|SH8.0RT|SH6.0RT|SH5.0RT|SH5.0RT-V112|SG8.0RT,,,,
read,meter_phase_c_power,2,5607,S32,,W,SH5.0RS|SH3.6RS|SH4.6RS|SH6.0RS|SH10RT|SH10RT-V112|SH10RT-20|SH8.0RT|SH6.0RT|SH5.0RT|SH5.0RT-V112|SG8.0RT,,,,
read,export_limit_min,2,5622,U16,10.0,W,SH5.0RS|SH3.6RS|SH4.6RS|SH6.0RS|SH10RT|SH10RT-V112|SH10RT-20|SH8.0RT|SH6.0RT|SH5.0RT|SH5.0RT-V112,,,,
read,export_limit_max,2,5623,U16,10.0,W,SH5.0RS|SH3.6RS|SH4.6RS|SH6.0RS|SH10RT|SH10RT-V112|SH10RT-20|SH8.0RT|SH6.0RT|SH5.0RT|SH5.0RT-V112,,,,
read,bdc_rated_power,2,5628,U16,100.0,W,SH5.0RS|SH3.6RS|SH4.6RS|SH6.0RS|SH10RT|SH10RT-V112|SH10RT-20|SH8.0RT|SH6.0RT|SH5.0RT|SH5.0RT-V112,,,,
read,bms_max_charging_current,2,5635,U16,,A,SH5.0RS|SH3.6RS|SH4.6RS|SH6.0RS|SH10RT|SH10RT-V112|SH10RT-20|SH8.0RT|SH6.0RT|SH5.0RT|SH5.0RT-V112,,,,
read,bms_max_discharging_current,2,5636,U16,,A,SH5.0RS|SH3.6RS|SH4.6RS|SH6.0RS|SH10RT|SH10RT-V112|SH10RT-20|SH8.0RT|SH6.0RT|SH5.0RT|SH5.0RT-V112,,,,
read,backup_phase_a_power,2,5723,S16,,W,SH5.0RS|SH3.6RS|SH4.6RS|SH6.0RS|SH10RT|SH10RT-V112|SH10RT-20|SH8.0RT|SH6.0RT|SH5.0RT|SH5.0RT-V112,,,,
read,backup_phase_b_power,2,5724,S16,,W,SH5.0RS|SH3.6RS|SH4.6RS|SH6.0RS|SH10RT|SH10RT-V112|SH10RT-20|SH8.0RT|SH6.0RT|SH5.0RT|SH5.0RT-V112,,,,
read,backup_phase_c_power,2,5725,S16,,W,SH5.0RS|SH3.6RS|SH4.6RS|SH6.0RS|SH10RT|SH10RT-V112|SH10RT-20|SH8.0RT|SH6.0RT|SH5.0RT|SH5.0RT-V112,,,,
read,total_backup_power,2,5726,S16,,W,SH5.0RS|SH3.6RS|SH4.6RS|SH6.0RS|SH10RT|SH10RT-V112|SH10RT-20|SH8.0RT|SH6.0RT|SH5.0RT|SH5.0RT-V112,,,,
read,pv_power_of_today,1,6100,U16,,W,SH5K-20|SH3K6|SH4K6|SH5K-V13|SH5K-30|SH3K6-30|SH4K6-30|SH5.0RS|SH3.6RS|SH4.6RS|SH6.0RS|SH10RT|SH10RT-V112|SH10RT-20|SH8.0RT|SH6.0RT|SH5.0RT|SH5.0RT-V112,,,,
read,daily_pv_energy_yields,1,6196,U16,0.1,kWh,SH5K-20|SH3K6|SH4K6|SH5K-V13|SH5K-30|SH3K6-30|SH4K6-30|SH5.0RS|SH3.6RS|SH4.6RS|SH6.0RS|SH10RT|SH10RT-V112|SH10RT-20|SH8.0RT|SH6.0RT|SH5.0RT|SH5.0RT-V112,,,,
read,monthly_pv_energy_yields,2,6227,U16,,kWh,SH5K-20|SH3K6|SH4K6|SH5K-V13|SH5K-30|SH3K6-30|SH4K6-30|SH5.0RS|SH3.6RS|SH4.6RS|SH6.0RS|SH10RT|SH10RT-V112|SH10RT-20|SH8.0RT|SH6.0RT|SH5.0RT|SH5.0RT-V112,,,,
read,yearly_pv_energy_yields,2,6250,U16,0.1,kWh,SH5K-20|SH3K6|SH4K6|SH5K-V13|SH5K-30|SH3K6-30|SH4K6-30|SH5.0RS|SH3.6RS|SH4.6RS|SH6.0RS|SH10RT|SH10RT-V112|SH10RT-20|SH8.0RT|SH6.0RT|SH5.0RT|SH5.0RT-V112,,,,
read,direct_power_consumption_today_pv,1,6290,U16,,W,SH5K-20|SH3K6|SH4K6|SH5K-V13|SH5K-30|SH3K6-30|SH4K6-30|SH5.0RS|SH3.6RS|SH4.6RS|SH6.0RS|SH10RT|SH10RT-V112|SH10RT-20|SH8.0RT|SH6.0RT|SH5.0RT|SH5.0RT-V112,,,,
read,direct_power_consumption_pv,1,6386,U16,0.1,kWh,SH5K-20|SH3K6|SH4K6|SH5K-V13|SH5K-30|SH3K6-30|SH4K6-30|SH5.0RS|SH3.6RS|SH4.6RS|SH6.0RS|SH10RT|SH10RT-V112|SH10RT-20|SH8.0RT|SH6.0RT|SH5.0RT|SH5.0RT-V112,,,,
read,direct_power_consumption_monthly_pv,2,6417,U16,0.1,kWh,SH5K-20|SH3K6|SH4K6|SH5K-V13|SH5K-30|SH3K6-30|SH4K6-30|SH5.0RS|SH3.6RS|SH4.6RS|SH6.0RS|SH10RT|SH10RT-V112|SH10RT-20|SH8.0RT|SH6.0RT|SH5.0RT|SH5.0RT-V112,,,,
read,direct_power_consumption_yearly_pv,2,6429,U16,0.1,kWh,SH5K-20|SH3K6|SH4K6|SH5K-V13|SH5K-30|SH3K6-30|SH4K6-30|SH5.0RS|SH3.6RS|SH4.6RS|SH6.0RS|SH10RT|SH10RT-V112|SH10RT-20|SH8.0RT|SH6.0RT|SH5.0RT|SH5.0RT-V112,,,,
read,export_power_from_pv_today,1,6469,U16,,W,SH5K-20|SH3K6|SH4K6|SH5K-V13|SH5K-30|SH3K6-30|SH4K6-30|SH5.0RS|SH3.6RS|SH4.6RS|SH6.0RS|SH10RT|SH10RT-V112|SH10RT-20|SH8.0RT|SH6.0RT|SH5.0RT|SH5.0RT-V112,,,,
read,export_power_from_pv,1,6565,U16,0.1,kWh,SH5K-20|SH3K6|SH4K6|SH5K-V13|SH5K-30|SH3K6-30|SH4K6-30|SH5.0RS|SH3.6RS|SH4.6RS|SH6.0RS|SH10RT|SH10RT-V112|SH10RT-20|SH8.0RT|SH6.0RT|SH5.0RT|SH5.0RT-V112,,,,
read,export_power_from_pv_monthly,2,6596,U16,0.1,kWh,SH5K-20|SH3K6|SH4K6|SH5K-V13|SH5K-30|SH3K6-30|SH4K6-30|SH5.0RS|SH3.6RS|SH4.6RS|SH6.0RS|SH10RT|SH10RT-V112|SH10RT-20|SH8.0RT|SH6.0RT|SH5.0RT|SH5.0RT-V112,,,,
read,export_power_from_pv_yearly,2,6608,U16,0.1,kWh,SH5K-20|SH3K6|SH4K6|SH5K-V13|SH5K-30|SH3K6-30|SH4K6-30|SH5.0RS|SH3.6RS|SH4.6RS|SH6.0RS|SH10RT|SH10RT-V112|SH10RT-20|SH8.0RT|SH6.0RT|SH5.0RT|SH5.0RT-V112,,,,
read,battery_charge_power_from_pv_today,1,6648,U16,0.1,kWh,SH5K-20|SH3K6|SH4K6|SH5K-V13|SH5K-30|SH3K6-30|SH4K6-30|SH5.0RS|SH3.6RS|SH4.6RS|SH6.0RS|SH10RT|SH10RT-V112|SH10RT-20|SH8.0RT|SH6.0RT|SH5.0RT|SH5.0RT-V112,,,,
read,battery_charge_power_from_pv,1,6744,U16,0.1,kWh,SH5K-20|SH3K6|SH4K6|SH5K-V13|SH5K-30|SH3K6-30|SH4K6-30|SH5.0RS|SH3.6RS|SH4.6RS|SH6.0RS|SH10RT|SH10RT-V112|SH10RT-20|SH8.0RT|SH6.0RT|SH5.0RT|SH5.0RT-V112,,,,
read,battery_charge_power_from_pv_monthly,2,6775,U16,0.1,kWh,SH5K-20|SH3K6|SH4K6|SH5K-V13|SH5K-30|SH3K6-30|SH4K6-30|SH5.0RS|SH3.6RS|SH4.6RS|SH6.0RS|SH10RT|SH10RT-V112|SH10RT-20|SH8.0RT|SH6.0RT|SH5.0RT|SH5.0RT-V112,,,,
read,battery_charge_power_from_pv_yearly,2,6787,U16,0.1,kWh,SH5K-20|SH3K6|SH4K6|SH5K-V13|SH5K-30|SH3K6-30|SH4K6-30|SH5.0RS|SH3.6RS|SH4.6RS|SH6.0RS|SH10RT|SH10RT-V112|SH10RT-20|SH8.0RT|SH6.0RT|SH5.0RT|SH5.0RT-V112,,,,
read,string_1_current,2,7013,U16,0.01,A,SG30KTL|SG10KTL|SG12KTL|SG15KTL|SG20KTL|SG30KU|SG36KTL|SG36KU|SG40KTL|SG40KTL-M|SG50KTL-M|SG60KTL-M|SG60KU|SG30KTL-M|SG30KTL-M-V31|SG33KTL-M|SG36KTL-M|SG33K3J|SG49K5J|SG34KJ|LP_P34KSG|SG50KTL-M-20|SG60KTL|SG80KTL|SG80KTL-20|SG60KU-M|SG5KTL-MT|SG6KTL-MT|SG8KTL-M|SG10KTL-M|SG10KTL-MT|SG12KTL-M|SG15KTL-M|SG17KTL-M|SG20KTL-M|SG80KTL-M|SG111HV|SG125HV|SG125HV-20|SG30CX|SG33CX|SG36CX-US|SG40CX|SG50CX|SG60CX-US|SG110CX|SG250HX|SG250HX-US|SG100CX|SG100CX-JP|SG250HX-IN|SG25CX-SA|SG75CX|SG3.0RT|SG4.0RT|SG5.0RT|SG3.0RS|SG4.0RS|SG5.0RS|SG6.0RT|SG7.0RT|SG8.0RT|SG8.0RS|SG10RT|SG12RT|SG15RT|SG17RT|SG20RT,,,,
read,string_2_current,2,7014,U16,0.01,A,SG30KTL|SG10KTL|SG12KTL|SG15KTL|SG20KTL|SG30KU|SG36KTL|SG36KU|SG40KTL|SG40KTL-M|SG50KTL-M|SG60KTL-M|SG60KU|SG30KTL-M|SG30KTL-M-V31|SG33KTL-M|SG36KTL-M|SG33K3J|SG49K5J|SG34KJ|LP_P34KSG|SG50KTL-M-20|SG60KTL|SG80KTL|SG80KTL-20|SG60KU-M|SG5KTL-MT|SG6KTL-MT|SG8KTL-M|SG10KTL-M|SG10KTL-MT|SG12KTL-M|SG15KTL-M|SG17KTL-M|SG20KTL-M|SG80KTL-M|SG111HV|SG125HV|SG125HV-20|SG30CX|SG33CX|SG36CX-US|SG40CX|SG50CX|SG60CX-US|SG110CX|SG250HX|SG250HX-US|SG100CX|SG100CX-JP|SG250HX-IN|SG25CX-SA|SG75CX|SG3.0RT|SG4.0RT|SG5.0RT|SG3.0RS|SG4.0RS|SG5.0RS|SG6.0RT|SG7.0RT|SG8.0RT|SG8.0RS|SG10RT|SG12RT|SG15RT|SG17RT|SG20RT,,,,
read,string_3_current,2,7015,U16,0.01,A,SG30KTL|SG10KTL|SG12KTL|SG15KTL|SG20KTL|SG30KU|SG36KTL|SG36KU|SG40KTL|SG40KTL-M|SG50KTL-M|SG60KTL-M|SG60KU|SG30KTL-M|SG30KTL-M-V31|SG33KTL-M|SG36KTL-M|SG33K3J|SG49K5J|SG34KJ|LP_P34KSG|SG50KTL-M-20|SG60KTL|SG80KTL|SG80KTL-20|SG60KU-M|SG10KTL-MT|SG12KTL-M|SG15KTL-M|SG17KTL-M|SG20KTL-M|SG80KTL-M|SG111HV|SG125HV|SG125HV-20|SG30CX|SG33CX|SG36CX-US|SG40CX|SG50CX|SG60CX-US|SG110CX|SG250HX|SG250HX-US|SG100CX|SG100CX-JP|SG250HX-IN|SG25CX-SA|SG75CX|SG7.0RT|SG8.0RT|SG8.0RS|SG10RT|SG12RT,,,,
read,string_4_current,2,7016,U16,0.01,A,SG30KTL|SG10KTL|SG12KTL|SG15KTL|SG20KTL|SG30KU|SG36KTL|SG36KU|SG40KTL|SG40KTL-M|SG50KTL-M|SG60KTL-M|SG60KU|SG30KTL-M|SG30KTL-M-V31|SG33KTL-M|SG36KTL-M|SG33K3J|SG49K5J|SG34KJ|LP_P34KSG|SG50KTL-M-20|SG60KTL|SG80KTL|SG80KTL-20|SG60KU-M|SG10KTL-MT|SG12KTL-M|SG15KTL-M|SG17KTL-M|SG20KTL-M|SG80KTL-M|SG111HV|SG125HV|SG125HV-20|SG30CX|SG33CX|SG36CX-US|SG40CX|SG50CX|SG60CX-US|SG110CX|SG250HX|SG250HX-US|SG100CX|SG100CX-JP|SG250HX-IN|SG25CX-SA|SG75CX,,,,
read,string_5_current,2,7017,U16,0.01,A,SG30KTL|SG10KTL|SG12KTL|SG15KTL|SG20KTL|SG30KU|SG36KTL|SG36KU|SG40KTL|SG40KTL-M|SG50KTL-M|SG60KTL-M|SG60KU|SG30KTL-M|SG30KTL-M-V31|SG33KTL-M|SG36KTL-M|SG33K3J|SG49K5J|SG34KJ|SG50KTL-M-20|SG60KTL|SG80KTL|SG80KTL-20|SG60KU-M|SG80KTL-M|SG111HV|SG125HV|SG125HV-20|SG30CX|SG33CX|SG36CX-US|SG40CX|SG50CX|SG60CX-US|SG110CX|SG250HX|SG250HX-US|SG100CX|SG100CX-JP|SG250HX-IN|SG25CX-SA|SG75CX,,,,
read,string_6_current,2,7018,U16,0.01,A,SG30KTL|SG10KTL|SG12KTL|SG15KTL|SG20KTL|SG30KU|SG36KTL|SG36KU|SG40KTL|SG40KTL-M|SG50KTL-M|SG60KTL-M|SG60KU|SG30KTL-M|SG30KTL-M-V31|SG33KTL-M|SG36KTL-M|SG33K3J|SG49K5J|SG34KJ|SG50KTL-M-20|SG60KTL|SG80KTL|SG80KTL-20|SG60KU-M|SG80KTL-M|SG111HV|SG125HV|SG125HV-20|SG30CX|SG33CX|SG36CX-US|SG40CX|SG50CX|SG60CX-US|SG110CX|SG250HX|SG250HX-US|SG100CX|SG100CX-JP|SG250HX-IN|SG25CX-SA|SG75CX,,,,
read,string_7_current,2,7019,U16,0.01,A,SG30KTL|SG30KU|SG36KTL|SG36KU|SG40KTL|SG40KTL-M|SG50KTL-M|SG60KTL-M|SG60KU|SG30KTL-M|SG30KTL-M-V31|SG33KTL-M|SG36KTL-M|SG33K3J|SG49K5J|SG34KJ|SG50KTL-M-20|SG60KTL|SG80KTL|SG80KTL-20|SG60KU-M|SG80KTL-M|SG30CX|SG33CX|SG36CX-US|SG40CX|SG50CX|SG60CX-US|SG110CX|SG250HX|SG250HX-US|SG100CX|SG100CX-JP|SG250HX-IN|SG75CX,,,,
read,string_8_current,2,7020,U16,0.01,A,SG30KTL|SG30KU|SG36KTL|SG36KU|SG40KTL|SG40KTL-M|SG50KTL-M|SG60KTL-M|SG30KTL-M|SG30KTL-M-V31|SG33KTL-M|SG36KTL-M|SG33K3J|SG49K5J|SG34KJ|SG50KTL-M-20|SG60KTL|SG80KTL|SG80KTL-20|SG60KU-M|SG80KTL-M|SG30CX|SG33CX|SG36CX-US|SG40CX|SG50CX|SG60CX-US|SG110CX|SG250HX|SG250HX-US|SG100CX|SG100CX-JP|SG250HX-IN|SG75CX,,,,
read,string_9_current,2,7021,U16,0.01,A,SG30KU|SG36KTL|SG36KU|SG40KTL-M|SG50KTL-M|SG60KTL-M|SG33K3J|SG49K5J|SG50KTL-M-20|SG60KTL|SG80KTL|SG80KTL-20|SG60KU-M|SG80KTL-M|SG30CX|SG33CX|SG36CX-US|SG50CX|SG60CX-US|SG110CX|SG250HX|SG250HX-US|SG100CX|SG100CX-JP|SG250HX-IN|SG75CX,,,,
read,string_10_current,2,7022,U16,0.01,A,SG30KU|SG36KTL|SG36KU|SG50KTL-M|SG60KTL-M|SG49K5J|SG50KTL-M-20|SG60KTL|SG80KTL|SG80KTL-20|SG60KU-M|SG80KTL-M|SG30CX|SG33CX|SG36CX-US|SG50CX|SG60CX-US|SG110CX|SG250HX|SG250HX-US|SG100CX|SG100CX-JP|SG250HX-IN|SG75CX,,,,
read,string_11_current,2,7023,U16,0.01,A,SG50KTL-M|SG60KTL-M|SG49K5J|SG50KTL-M-20|SG60KTL|SG80KTL|SG80KTL-20|SG60KU-M|SG80KTL-M|SG30CX|SG33CX|SG36CX-US|SG110CX|SG250HX|SG250HX-US|SG100CX|SG100CX-JP|SG250HX-IN|SG75CX,,,,
read,string_12_current,2,7024,U16,0.01,A,SG50KTL-M|SG60KTL-M|SG49K5J|SG50KTL-M-20|SG60KTL|SG80KTL|SG80KTL-20|SG60KU-M|SG80KTL-M|SG30CX|SG33CX|SG36CX-US|SG110CX|SG250HX|SG250HX-US|SG100CX|SG100CX-JP|SG250HX-IN|SG75CX,,,,
read,string_13_current,2,7025,U16,0.01,A,SG60KTL-M|SG60KTL|SG80KTL|SG80KTL-20|SG60KU-M|SG80KTL-M|SG30CX|SG33CX|SG36CX-US|SG110CX|SG250HX|SG250HX-US|SG100CX|SG100CX-JP|SG250HX-IN|SG75CX,,,,
read,string_14_current,2,7026,U16,0.01,A,SG60KTL-M|SG60KTL|SG80KTL|SG80KTL-20|SG60KU-M|SG80KTL-M|SG30CX|SG33CX|SG36CX-US|SG110CX|SG250HX|SG250HX-US|SG100CX|SG100CX-JP|SG250HX-IN|SG75CX|SG3.0RT|SG4.0RT|SG5.0RT|SG3.0RS|SG4.0RS|SG5.0RS|SG6.0RT,,,,
read,string_15_current,2,7027,U16,0.01,A,SG60KTL-M|SG80KTL|SG80KTL-20|SG60KU-M|SG80KTL-M|SG110CX|SG250HX|SG250HX-US|SG100CX|SG100CX-JP|SG250HX-IN|SG75CX,,,,
read,string_16_current,2,7028,U16,0.01,A,SG60KTL-M|SG80KTL|SG80KTL-20|SG60KU-M|SG80KTL-M|SG110CX|SG250HX|SG250HX-US|SG100CX|SG100CX-JP|SG250HX-IN|SG75CX,,,,
read,string_17_current,2,7029,U16,0.01,A,SG80KTL|SG80KTL-20|SG110CX|SG250HX|SG250HX-US|SG100CX|SG100CX-JP|SG250HX-IN|SG75CX,,,,
read,string_18_current,2,7030,U16,0.01,A,SG80KTL|SG80KTL-20|SG110CX|SG250HX|SG250HX-US|SG100CX|SG100CX-JP|SG250HX-IN|SG75CX,,,,
read,string_19_current,2,7031,U16,0.01,A,SG250HX|SG250HX-US|SG100CX|SG100CX-JP|SG250HX-IN,,,,
read,string_20_current,2,7032,U16,0.01,A,SG250HX|SG250HX-US|SG100CX|SG100CX-JP|SG250HX-IN,,,,
read,string_21_current,2,7033,U16,0.01,A,SG250HX|SG250HX-US|SG100CX|SG100CX-JP|SG250HX-IN,,,,
read,string_22_current,2,7034,U16,0.01,A,SG250HX|SG250HX-US|SG100CX|SG100CX-JP|SG250HX-IN,,,,
read,string_23_current,2,7035,U16,0.01,A,SG250HX|SG250HX-US|SG100CX|SG100CX-JP|SG250HX-IN,,,,
read,string_24_current,2,7036,U16,0.01,A,SG250HX|SG250HX-US|SG100CX|SG100CX-JP|SG250HX-IN,,,,
read,system_state,2,13000,U16,,,SH5K-20|SH3K6|SH4K6|SH5K-V13|SH5K-30|SH3K6-30|SH4K6-30|SH5.0RS|SH3.6RS|SH4.6RS|SH6.0RS|SH10RT|SH10RT-V112|SH10RT-20|SH8.0RT|SH6.0RT|SH5.0RT|SH5.0RT-V112,"[{""response"": 2, ""value"": ""Stop""}, {""response"": 8, ""value"": ""Standby""}, {""response"": 16, ""value"": ""Initial Standby""}, {""response"": 32, ""value"": ""Startup""}, {""response"": 64, ""value"": ""Run""}, {""response"": 256, ""value"": ""Fault""}, {""response"": 1024, ""value"": ""Maintain Run""}, {""response"": 2048, ""value"": ""Forced Run""}, {""response"": 4096, ""value"": ""Off-grid Run""}, {""response"": 9473, ""value"": ""Restarting""}, {""response"": 16384, ""value"": ""EMS Run""}]",,,
read,running_state,2,13001,U16,,,SH5K-20|SH3K6|SH4K6|SH5K-V13|SH5K-30|SH3K6-30|SH4K6-30|SH5.0RS|SH3.6RS|SH4.6RS|SH6.0RS|SH10RT|SH10RT-V112|SH10RT-20|SH8.0RT|SH6.0RT|SH5.0RT|SH5.0RT-V112,,,,
read,state_power_generated_from_pv,2,13001,U16,,,SH5K-20|SH3K6|SH4K6|SH5K-V13|SH5K-30|SH3K6-30|SH4K6-30|SH5.0RS|SH3.6RS|SH4.6RS|SH6.0RS|SH10RT|SH10RT-V112|SH10RT-20|SH8.0RT|SH6.0RT|SH5.0RT|SH5.0RT-V112,,1,,
read,state_battery_charging,2,13001,U16,,,SH5K-20|SH3K6|SH4K6|SH5K-V13|SH5K-30|SH3K6-30|SH4K6-30|SH5.0RS|SH3.6RS|SH4.6RS|SH6.0RS|SH10RT|SH10RT-V112|SH10RT-20|SH8.0RT|SH6.0RT|SH5.0RT|SH5.0RT-V112,,2,,
read,state_battery_discharging,2,13001,U16,,,SH5K-20|SH3K6|SH4K6|SH5K-V13|SH5K-30|SH3K6-30|SH4K6-30|SH5.0RS|SH3.6RS|SH4.6RS|SH6.0RS|SH10RT|SH10RT-V112|SH10RT-20|SH8.0RT|SH6.0RT|SH5.0RT|SH5.0RT-V112,,4,,
read,state_load_active,2,13001,U16,,,SH5K-20|SH3K6|SH4K6|SH5K-V13|SH5K-30|SH3K6-30|SH4K6-30|SH5.0RS|SH3.6RS|SH4.6RS|SH6.0RS|SH10RT|SH10RT-V112|SH10RT-20|SH8.0RT|SH6.0RT|SH5.0RT|SH5.0RT-V112,,8,,
read,state_feed_into_grid,2,13001,U16,,,SH5K-20|SH3K6|SH4K6|SH5K-V13|SH5K-30|SH3K6-30|SH4K6-30|SH5.0RS|SH3.6RS|SH4.6RS|SH6.0RS|SH10RT|SH10RT-V112|SH10RT-20|SH8.0RT|SH6.0RT|SH5.0RT|SH5.0RT-V112,,16,,
read,state_import_from_grid,2,13001,U16,,,SH5K-20|SH3K6|SH4K6|SH5K-V13|SH5K-30|SH3K6-30|SH4K6-30|SH5.0RS|SH3.6RS|SH4.6RS|SH6.0RS|SH10RT|SH10RT-V112|SH10RT-20|SH8.0RT|SH6.0RT|SH5.0RT|SH5.0RT-V112,,32,,
read,state_power_generated_from_load,2,13001,U16,,,SH5K-20|SH3K6|SH4K6|SH5K-V13|SH5K-30|SH3K6-30|SH4K6-30|SH5.0RS|SH3.6RS|SH4.6RS|SH6.0RS|SH10RT|SH10RT-V112|SH10RT-20|SH8.0RT|SH6.0RT|SH5.0RT|SH5.0RT-V112,,128,,
read,daily_pv_generation,2,13002,U16,0.1,kWh,SH5K-20|SH3K6|SH4K6|SH5K-V13|SH5K-30|SH3K6-30|SH4K6-30|SH5.0RS|SH3.6RS|SH4.6RS|SH6.0RS|SH10RT|SH10RT-V112|SH10RT-20|SH8.0RT|SH6.0RT|SH5.0RT|SH5.0RT-V112,,,,
read,total_pv_generation,1,13003,U32,0.1,kWh,SH5K-20|SH3K6|SH4K6|SH5K-V13|SH5K-30|SH3K6-30|SH4K6-30|SH5.0RS|SH3.6RS|SH4.6RS|SH6.0RS|SH10RT|SH10RT-V112|SH10RT-20|SH8.0RT|SH6.0RT|SH5.0RT|SH5.0RT-V112,,,,
read,daily_pv_export,1,13005,U16,0.1,kWh,SH5K-20|SH3K6|SH4K6|SH5K-V13|SH5K-30|SH3K6-30|SH4K6-30|SH5.0RS|SH3.6RS|SH4.6RS|SH6.0RS|SH10RT|SH10RT-V112|SH10RT-20|SH8.0RT|SH6.0RT|SH5.0RT|SH5.0RT-V112,,,,
read,total_pv_export,1,13006,U32,0.1,kWh,SH5K-20|SH3K6|SH4K6|SH5K-V13|SH5K-30|SH3K6-30|SH4K6-30|SH5.0RS|SH3.6RS|SH4.6RS|SH6.0RS|SH10RT|SH10RT-V112|SH10RT-20|SH8.0RT|SH6.0RT|SH5.0RT|SH5.0RT-V112,,,,
read,load_power_hybrid,1,13008,S32,,W,SH5K-20|SH3K6|SH4K6|SH5K-V13|SH5K-30|SH3K6-30|SH4K6-30|SH5.0RS|SH3.6RS|SH4.6RS|SH6.0RS|SH10RT|SH10RT-V112|SH10RT-20|SH8.0RT|SH6.0RT|SH5.0RT|SH5.0RT-V112,,,,
read,export_power_hybrid,1,13010,S32,,W,SH5K-20|SH3K6|SH4K6|SH5K-V13|SH5K-30|SH3K6-30|SH4K6-30|SH5.0RS|SH3.6RS|SH4.6RS|SH6.0RS|SH10RT|SH10RT-V112|SH10RT-20|SH8.0RT|SH6.0RT|SH5.0RT|SH5.0RT-V112,,,,
read,daily_battery_charge_from_pv,1,13012,U16,0.1,kWh,SH5K-20|SH3K6|SH4K6|SH5K-V13|SH5K-30|SH3K6-30|SH4K6-30|SH5.0RS|SH3.6RS|SH4.6RS|SH6.0RS|SH10RT|SH10RT-V112|SH10RT-20|SH8.0RT|SH6.0RT|SH5.0RT|SH5.0RT-V112,,,,
read,total_battery_charge_from_pv,1,13013,U32,0.1,kWh,SH5K-20|SH3K6|SH4K6|SH5K-V13|SH5K-30|SH3K6-30|SH4K6-30|SH5.0RS|SH3.6RS|SH4.6RS|SH6.0RS|SH10RT|SH10RT-V112|SH10RT-20|SH8.0RT|SH6.0RT|SH5.0RT|SH5.0RT-V112,,,,
read,co2_reduction,2,13015,U32,0.1,kg,SH5K-20|SH3K6|SH4K6|SH5K-V13|SH5K-30|SH3K6-30|SH4K6-30|SH5.0RS|SH3.6RS|SH4.6RS|SH6.0RS|SH10RT|SH10RT-V112|SH10RT-20|SH8.0RT|SH6.0RT|SH5.0RT|SH5.0RT-V112,,,,
read,daily_direct_energy_consumption,1,13017,U16,0.1,kWh,SH5K-20|SH3K6|SH4K6|SH5K-V13|SH5K-30|SH3K6-30|SH4K6-30|SH5.0RS|SH3.6RS|SH4.6RS|SH6.0RS|SH10RT|SH10RT-V112|SH10RT-20|SH8.0RT|SH6.0RT|SH5.0RT|SH5.0RT-V112,,,,
read,total_direct_energy_consumption,1,13018,U32,0.1,kWh,SH5K-20|SH3K6|SH4K6|SH5K-V13|SH5K-30|SH3K6-30|SH4K6-30|SH5.0RS|SH3.6RS|SH4.6RS|SH6.0RS|SH10RT|SH10RT-V112|SH10RT-20|SH8.0RT|SH6.0RT|SH5.0RT|SH5.0RT-V112,,,,
read,battery_voltage,2,13020,U16,0.1,V,SH5K-20|SH3K6|SH4K6|SH5K-V13|SH5K-30|SH3K6-30|SH4K6-30|SH5.0RS|SH3.6RS|SH4.6RS|SH6.0RS|SH10RT|SH10RT-V112|SH10RT-20|SH8.0RT|SH6.0RT|SH5.0RT|SH5.0RT-V112,,,,
read,battery_current,2,13021,S16,0.1,A,SH5K-20|SH3K6|SH4K6|SH5K-V13|SH5K-30|SH3K6-30|SH4K6-30|SH5.0RS|SH3.6RS|SH4.6RS|SH6.0RS|SH10RT|SH10RT-V112|SH10RT-20|SH8.0RT|SH6.0RT|SH5.0RT|SH5.0RT-V112,,,,
read,battery_power,1,13022,S16,,W,SH5K-20|SH3K6|SH4K6|SH5K-V13|SH5K-30|SH3K6-30|SH4K6-30|SH5.0RS|SH3.6RS|SH4.6RS|SH6.0RS|SH10RT|SH10RT-V112|SH10RT-20|SH8.0RT|SH6.0RT|SH5.0RT|SH5.0RT-V112,,,,
read,battery_level,1,13023,U16,0.1,%,SH5K-20|SH3K6|SH4K6|SH5K-V13|SH5K-30|SH3K6-30|SH4K6-30|SH5.0RS|SH3.6RS|SH4.6RS|SH6.0RS|SH10RT|SH10RT-V112|SH10RT-20|SH8.0RT|SH6.0RT|SH5.0RT|SH5.0RT-V112,,,,
read,battery_state_of_healthy,2,13024,U16,0.1,%,SH5K-20|SH3K6|SH4K6|SH5K-V13|SH5K-30|SH3K6-30|SH4K6-30|SH5.0RS|SH3.6RS|SH4.6RS|SH6.0RS|SH10RT|SH10RT-V112|SH10RT-20|SH8.0RT|SH6.0RT|SH5.0RT|SH5.0RT-V112,,,,
read,battery_temperature,2,13025,S16,0.1,°C,SH5K-20|SH3K6|SH4K6|SH5K-V13|SH5K-30|SH3K6-30|SH4K6-30|SH5.0RS|SH3.6RS|SH4.6RS|SH6.0RS|SH10RT|SH10RT-V112|SH10RT-20|SH8.0RT|SH6.0RT|SH5.0RT|SH5.0RT-V112,,,,
read,daily_battery_discharge_energy,2,13026,U16,0.1,kWh,SH5K-20|SH3K6|SH4K6|SH5K-V13|SH5K-30|SH3K6-30|SH4K6-30|SH5.0RS|SH3.6RS|SH4.6RS|SH6.0RS|SH10RT|SH10RT-V112|SH10RT-20|SH8.0RT|SH6.0RT|SH5.0RT|SH5.0RT-V112,,,,
read,total_battery_discharge_energy,2,13027,U32,0.1,kWh,SH5K-20|SH3K6|SH4K6|SH5K-V13|SH5K-30|SH3K6-30|SH4K6-30|SH5.0RS|SH3.6RS|SH4.6RS|SH6.0RS|SH10RT|SH10RT-V112|SH10RT-20|SH8.0RT|SH6.0RT|SH5.0RT|SH5.0RT-V112,,,,
read,self_consumption_of_day,1,13029,U16,0.1,%,SH5K-20|SH3K6|SH4K6|SH5K-V13|SH5K-30|SH3K6-30|SH4K6-30|SH5.0RS|SH3.6RS|SH4.6RS|SH6.0RS|SH10RT|SH10RT-V112|SH10RT-20|SH8.0RT|SH6.0RT|SH5.0RT|SH5.0RT-V112,,,,
read,grid_state,1,13030,U16,,,SH5K-20|SH3K6|SH4K6|SH5K-V13|SH5K-30|SH3K6-30|SH4K6-30|SH5.0RS|SH3.6RS|SH4.6RS|SH6.0RS|SH10RT|SH10RT-V112|SH10RT-20|SH8.0RT|SH6.0RT|SH5.0RT|SH5.0RT-V112,"[{""response"": 170, ""value"": ""Off-grid""}, {""response"": 85, ""value"": ""On-grid""}]",,,
read,phase_a_current,2,13031,S16,0.1,A,SH5K-20|SH3K6|SH4K6|SH5K-V13|SH5K-30|SH3K6-30|SH4K6-30|SH5.0RS|SH3.6RS|SH4.6RS|SH6.0RS|SH10RT|SH10RT-V112|SH10RT-20|SH8.0RT|SH6.0RT|SH5.0RT|SH5.0RT-V112,,,,
read,phase_b_current,2,13032,S16,0.1,A,SH5K-20|SH3K6|SH4K6|SH5K-V13|SH5K-30|SH3K6-30|SH4K6-30|SH5.0RS|SH3.6RS|SH4.6RS|SH6.0RS|SH10RT|SH10RT-V112|SH10RT-20|SH8.0RT|SH6.0RT|SH5.0RT|SH5.0RT-V112,,,,
read,phase_c_current,2,13033,S16,0.1,A,SH5K-20|SH3K6|SH4K6|SH5K-V13|SH5K-30|SH3K6-30|SH4K6-30|SH5.0RS|SH3.6RS|SH4.6RS|SH6.0RS|SH10RT|SH10RT-V112|SH10RT-20|SH8.0RT|SH6.0RT|SH5.0RT|SH5.0RT-V112,,,,
read,total_active_power,0,13034,S32,,W,SH5K-20|SH3K6|SH4K6|SH5K-V13|SH5K-30|SH3K6-30|SH4K6-30|SH5.0RS|SH3.6RS|SH4.6RS|SH6.0RS|SH10RT|SH10RT-V112|SH10RT-20|SH8.0RT|SH6.0RT|SH5.0RT|SH5.0RT-V112,,,,
read,daily_import_energy,1,13036,U16,0.1,kWh,SH5K-20|SH3K6|SH4K6|SH5K-V13|SH5K-30|SH3K6-30|SH4K6-30|SH5.0RS|SH3.6RS|SH4.6RS|SH6.0RS|SH10RT|SH10RT-V112|SH10RT-20|SH8.0RT|SH6.0RT|SH5.0RT|SH5.0RT-V112,,,,
read,total_import_energy,1,13037,U32,0.1,kWh,SH5K-20|SH3K6|SH4K6|SH5K-V13|SH5K-30|SH3K6-30|SH4K6-30|SH5.0RS|SH3.6RS|SH4.6RS|SH6.0RS|SH10RT|SH10RT-V112|SH10RT-20|SH8.0RT|SH6.0RT|SH5.0RT|SH5.0RT-V112,,,,
read,battery_capacity,1,13039,U16,0.1,kWh,SH5K-20|SH3K6|SH4K6|SH5K-V13|SH5K-30|SH3K6-30|SH4K6-30,,,,
read,daily_charge_energy,2,13040,U16,0.1,kWh,SH5K-20|SH3K6|SH4K6|SH5K-V13|SH5K-30|SH3K6-30|SH4K6-30|SH5.0RS|SH3.6RS|SH4.6RS|SH6.0RS|SH10RT|SH10RT-V112|SH10RT-20|SH8.0RT|SH6.0RT|SH5.0RT|SH5.0RT-V112,,,,
read,total_charge_energy,2,13041,U32,0.1,kWh,SH5K-20|SH3K6|SH4K6|SH5K-V13|SH5K-30|SH3K6-30|SH4K6-30|SH5.0RS|SH3.6RS|SH4.6RS|SH6.0RS|SH10RT|SH10RT-V112|SH10RT-20|SH8.0RT|SH6.0RT|SH5.0RT|SH5.0RT-V112,,,,
read,drm_state,2,13043,U16,,,SH5K-20|SH3K6|SH4K6|SH5K-V13|SH5K-30|SH3K6-30|SH4K6-30|SH5.0RS|SH3.6RS|SH4.6RS|SH6.0RS|SH10RT|SH10RT-V112|SH10RT-20|SH8.0RT|SH6.0RT|SH5.0RT|SH5.0RT-V112,,,,
read,daily_export_energy,1,13045,U16,0.1,kWh,SH5K-20|SH3K6|SH4K6|SH5K-V13|SH5K-30|SH3K6-30|SH4K6-30|SH5.0RS|SH3.6RS|SH4.6RS|SH6.0RS|SH10RT|SH10RT-V112|SH10RT-20|SH8.0RT|SH6.0RT|SH5.0RT|SH5.0RT-V112,,,,
read,total_export_energy,2,13046,U32,0.1,kWh,SH5K-20|SH3K6|SH4K6|SH5K-V13|SH5K-30|SH3K6-30|SH4K6-30|SH5.0RS|SH3.6RS|SH4.6RS|SH6.0RS|SH10RT|SH10RT-V112|SH10RT-20|SH8.0RT|SH6.0RT|SH5.0RT|SH5.0RT-V112,,,,
read,inverter_alarm,3,13050,U32,0.1,,SH5K-20|SH3K6|SH4K6|SH5K-V13|SH5K-30|SH3K6-30|SH4K6-30|SH5.0RS|SH3.6RS|SH4.6RS|SH6.0RS|SH10RT|SH10RT-V112|SH10RT-20|SH8.0RT|SH6.0RT|SH5.0RT|SH5.0RT-V112,,,,
read,grid-side_fault,3,13052,U32,0.1,,SH5K-20|SH3K6|SH4K6|SH5K-V13|SH5K-30|SH3K6-30|SH4K6-30|SH5.0RS|SH3.6RS|SH4.6RS|SH6.0RS|SH10RT|SH10RT-V112|SH10RT-20|SH8.0RT|SH6.0RT|SH5.0RT|SH5.0RT-V112,,,,
read,system_fault1,3,13054,U32,0.1,,SH5K-20|SH3K6|SH4K6|SH5K-V13|SH5K-30|SH3K6-30|SH4K6-30|SH5.0RS|SH3.6RS|SH4.6RS|SH6.0RS|SH10RT|SH10RT-V112|SH10RT-20|SH8.0RT|SH6.0RT|SH5.0RT|SH5.0RT-V112,,,,
read,system_fault2,3,13056,U32,0.1,,SH5K-20|SH3K6|SH4K6|SH5K-V13|SH5K-30|SH3K6-30|SH4K6-30|SH5.0RS|SH3.6RS|SH4.6RS|SH6.0RS|SH10RT|SH10RT-V112|SH10RT-20|SH8.0RT|SH6.0RT|SH5.0RT|SH5.0RT-V112,,,,
read,dc-side_fault,3,13058,U32,0.1,,SH5K-20|SH3K6|SH4K6|SH5K-V13|SH5K-30|SH3K6-30|SH4K6-30|SH5.0RS|SH3.6RS|SH4.6RS|SH6.0RS|SH10RT|SH10RT-V112|SH10RT-20|SH8.0RT|SH6.0RT|SH5.0RT|SH5.0RT-V112,,,,
read,permanent_fault,3,13060,U32,0.1,,SH5K-20|SH3K6|SH4K6|SH5K-V13|SH5K-30|SH3K6-30|SH4K6-30|SH5.0RS|SH3.6RS|SH4.6RS|SH6.0RS|SH10RT|SH10RT-V112|SH10RT-20|SH8.0RT|SH6.0RT|SH5.0RT|SH5.0RT-V112,,,,
read,bdc-side_fault,3,13062,U32,0.1,,SH5K-20|SH3K6|SH4K6|SH5K-V13|SH5K-30|SH3K6-30|SH4K6-30|SH5.0RS|SH3.6RS|SH4.6RS|SH6.0RS|SH10RT|SH10RT-V112|SH10RT-20|SH8.0RT|SH6.0RT|SH5.0RT|SH5.0RT-V112,,,,
read,bdc-side_permanent_fault,3,13064,U32,0.1,,SH5K-20|SH3K6|SH4K6|SH5K-V13|SH5K-30|SH3K6-30|SH4K6-30|SH5.0RS|SH3.6RS|SH4.6RS|SH6.0RS|SH10RT|SH10RT-V112|SH10RT-20|SH8.0RT|SH6.0RT|SH5.0RT|SH5.0RT-V112,,,,
read,battery_fault,3,13066,U32,0.1,,SH5K-20|SH3K6|SH4K6|SH5K-V13|SH5K-30|SH3K6-30|SH4K6-30|SH5.0RS|SH3.6RS|SH4.6RS|SH6.0RS|SH10RT|SH10RT-V112|SH10RT-20|SH8.0RT|SH6.0RT|SH5.0RT|SH5.0RT-V112,,,,
read,battery_alarm,3,13068,U32,0.1,,SH5K-20|SH3K6|SH4K6|SH5K-V13|SH5K-30|SH3K6-30|SH4K6-30|SH5.0RS|SH3.6RS|SH4.6RS|SH6.0RS|SH10RT|SH10RT-V112|SH10RT-20|SH8.0RT|SH6.0RT|SH5.0RT|SH5.0RT-V112,,,,
read,bms_alarm,3,13070,U32,,,SH5K-20|SH3K6|SH4K6|SH5K-V13|SH5K-30|SH3K6-30|SH4K6-30|SH5.0RS|SH3.6RS|SH4.6RS|SH6.0RS|SH10RT|SH10RT-V112|SH10RT-20|SH8.0RT|SH6.0RT|SH5.0RT|SH5.0RT-V112,,,,
read,bms_protection,3,13072,U32,,,SH5K-20|SH3K6|SH4K6|SH5K-V13|SH5K-30|SH3K6-30|SH4K6-30|SH5.0RS|SH3.6RS|SH4.6RS|SH6.0RS|SH10RT|SH10RT-V112|SH10RT-20|SH8.0RT|SH6.0RT|SH5.0RT|SH5.0RT-V112,,,,
read,bms_fault1,3,13074,U32,,,SH5K-20|SH3K6|SH4K6|SH5K-V13|SH5K-30|SH3K6-30|SH4K6-30|SH5.0RS|SH3.6RS|SH4.6RS|SH6.0RS|SH10RT|SH10RT-V112|SH10RT-20|SH8.0RT|SH6.0RT|SH5.0RT|SH5.0RT-V112,,,,
read,bms_fault2,3,13076,U32,,,SH5K-20|SH3K6|SH4K6|SH5K-V13|SH5K-30|SH3K6-30|SH4K6-30|SH5.0RS|SH3.6RS|SH4.6RS|SH6.0RS|SH10RT|SH10RT-V112|SH10RT-20|SH8.0RT|SH6.0RT|SH5.0RT|SH5.0RT-V112,,,,
read,bms_alarm2,3,13078,U32,,,SH5K-20|SH3K6|SH4K6|SH5K-V13|SH5K-30|SH3K6-30|SH4K6-30|SH5.0RS|SH3.6RS|SH4.6RS|SH6.0RS|SH10RT|SH10RT-V112|SH10RT-20|SH8.0RT|SH6.0RT|SH5.0RT|SH5.0RT-V112,,,,
read,bms_status,3,13100,U16,,,SH5K-20|SH3K6|SH4K6|SH5K-V13|SH5K-30|SH3K6-30|SH4K6-30,,,,
read,max_charging_current,3,13101,U16,,A,SH5K-20|SH3K6|SH4K6|SH5K-V13|SH5K-30|SH3K6-30|SH4K6-30,,,,
read,max_discharging_current,3,13102,U16,,A,SH5K-20|SH3K6|SH4K6|SH5K-V13|SH5K-30|SH3K6-30|SH4K6-30,,,,
read,warning,3,13103,U16,,,SH5K-20|SH3K6|SH4K6|SH5K-V13|SH5K-30|SH3K6-30|SH4K6-30,,,,
read,protection,3,13104,U16,,,SH5K-20|SH3K6|SH4K6|SH5K-V13|SH5K-30|SH3K6-30|SH4K6-30,,,,
read,fault1,3,13105,U16,,,SH5K-20|SH3K6|SH4K6|SH5K-V13|SH5K-30|SH3K6-30|SH4K6-30,,,,
read,fault2,3,13106,U16,,,SH5K-20|SH3K6|SH4K6|SH5K-V13|SH5K-30|SH3K6-30|SH4K6-30,,,,
read,soc,2,13107,U16,,%,SH5K-20|SH3K6|SH4K6|SH5K-V13|SH5K-30|SH3K6-30|SH4K6-30,,,,
read,soh,2,13108,U16,,,SH5K-20|SH3K6|SH4K6|SH5K-V13|SH5K-30|SH3K6-30|SH4K6-30,,,,
read,battery_current,2,13109,U16,,A,SH5K-20|SH3K6|SH4K6|SH5K-V13|SH5K-30|SH3K6-30|SH4K6-30,,,,
read,battery_voltage,2,13110,U16,0.01,V,SH5K-20|SH3K6|SH4K6|SH5K-V13|SH5K-30|SH3K6-30|SH4K6-30,,,,
read,cycle_count,2,13111,U16,0.01,,SH5K-20|SH3K6|SH4K6|SH5K-V13|SH5K-30|SH3K6-30|SH4K6-30,,,,
read,average_cell_voltage,2,13112,U16,,V,SH5K-20|SH3K6|SH4K6|SH5K-V13|SH5K-30|SH3K6-30|SH4K6-30,,,,
read,max_cell_voltage,2,13113,U16,,V,SH5K-20|SH3K6|SH4K6|SH5K-V13|SH5K-30|SH3K6-30|SH4K6-30,,,,
read,min_cell_voltage,2,13114,U16,,V,SH5K-20|SH3K6|SH4K6|SH5K-V13|SH5K-30|SH3K6-30|SH4K6-30,,,,
read,battery_pack_voltage,2,13115,U16,,V,SH5K-20|SH3K6|SH4K6|SH5K-V13|SH5K-30|SH3K6-30|SH4K6-30,,,,
read,average_cell_temp,2,13116,S16,,°C,SH5K-20|SH3K6|SH4K6|SH5K-V13|SH5K-30|SH3K6-30|SH4K6-30,,,,
read,max_cell_temp,2,13117,S16,,°C,SH5K-20|SH3K6|SH4K6|SH5K-V13|SH5K-30|SH3K6-30|SH4K6-30,,,,
hold,min_cell_temp,2,13118,S16,,°C,SH5K-20|SH3K6|SH4K6|SH5K-V13|SH5K-30|SH3K6-30|SH4K6-30,,,,
hold,year,0,5000,U16,,YYYY,,,,,
hold,month,0,5001,U16,,MM,,,,,
hold,day,0,5002,U16,,DD,,,,,
hold,hour,0,5003,U16,,HH,,,,,
hold,minute,0,5004,U16,,MM,,,,,
hold,second,0,5005,U16,,SS,,,,,
hold,start_stop,1,5006,U16,,,,"[{""response"": 207, ""value"": ""Start""}, {""response"": 206, ""value"": ""Stop""}]",,,
hold,power_limitation_switch,2,5007,U16,,,,"[{""response"": 170, ""value"": ""Enable""}, {""response"": 85, ""value"": ""Disable""}]",,,
hold,power_limitation_setting,2,5008,U16,0.1,%,,,,,
hold,export_power_limitation,2,5010,U16,,,SG5KTL-MT|SG6KTL-MT|SG8KTL-M|SG10KTL-M|SG10KTL-MT|SG12KTL-M|SG15KTL-M|SG17KTL-M|SG20KTL-M,"[{""response"": 170, ""value"": ""Enable""}, {""response"": 85, ""value"": ""Disable""}]",,,
hold,export_power_limitation_value,2,5011,U16,,,SG5KTL-MT|SG6KTL-MT|SG8KTL-M|SG10KTL-M|SG10KTL-MT|SG12KTL-M|SG15KTL-M|SG17KTL-M|SG20KTL-M,,,,
hold,current_transformer_output_current,2,5012,U16,,A,SG5KTL-MT|SG6KTL-MT|SG8KTL-M|SG10KTL-M|SG10KTL-MT|SG12KTL-M|SG15KTL-M|SG17KTL-M|SG20KTL-M,,,,
hold,current_transformer_range,2,5013,U16,,A,SG5KTL-MT|SG6KTL-MT|SG8KTL-M|SG10KTL-M|SG10KTL-MT|SG12KTL-M|SG15KTL-M|SG17KTL-M|SG20KTL-M,,,,
hold,current_transformer,2,5014,U16,,,SG5KTL-MT|SG6KTL-MT|SG8KTL-M|SG10KTL-M|SG10KTL-MT|SG12KTL-M|SG15KTL-M|SG17KTL-M|SG20KTL-M,"[{""response"": 0, ""value"": ""Internal""}, {""response"": 1, ""value"": ""External""}]",,,
hold,export_power_limitation_percentage,2,5015,U16,0.1,%,SG5KTL-MT|SG6KTL-MT|SG8KTL-M|SG10KTL-M|SG10KTL-MT|SG12KTL-M|SG15KTL-M|SG17KTL-M|SG20KTL-M,,,,
hold,installed_pv_power,2,5016,U16,0.01,KW,SG5KTL-MT|SG6KTL-MT|SG8KTL-M|SG10KTL-M|SG10KTL-MT|SG12KTL-M|SG15KTL-M|SG17KTL-M|SG20KTL-M,,,,
hold,power_factor_setting,2,5019,U16,0.001,,,,,,
hold,scheduling_achieve_active_overload,2,5020,U16,,,SG33CX|SG40CX|SG50CX|SG75CX|SG110CX|SG136TX|SG250HX|SG30CX|SG36CX-US|SG60CX-US|SG250HX-US|SG250HX-IN|SG225HX|SG250HX|SG25CX-SA|SG100CX|SG3.0RT|SG4.0RT|SG5.0RT|SG3.0RS|SG4.0RS|SG5.0RS|SG6.0RT|SG7.0RT|SG8.0RT|SG8.0RS|SG10RT|SG12RT|SG15RT|SG17RT|SG20RT,"[{""response"": 170, ""value"": ""Enable""}, {""response"": 85, ""value"": ""Disable""}]",,,
hold,night_svg_switch,2,5035,U16,,,SG3.0RT|SG4.0RT|SG5.0RT|SG3.0RS|SG4.0RS|SG5.0RS|SG6.0RT|SG7.0RT|SG8.0RT|SG8.0RS|SG10RT|SG12RT|SG15RT|SG17RT|SG20RT|SG80KTL-M|SG125HV-20|SG33CX|SG40CX|SG50CX|SG110CX|SG136TX|SG250HX|SG30CX|SG36CX-US|SG60CX-US|SG250HX-US|SG250HX-IN|SG225HX|SG250HX|SG25CX-SA|SG100CX|SG75CX,"[{""response"": 170, ""value"": ""Enable""}, {""response"": 85, ""value"": ""Disable""}]",,,
hold,reactive_power_adjustment_mode,2,5036,U16,,,,"[{""response"": 85, ""value"": ""Off""}, {""response"": 161, ""value"": ""Power factor setting""}, {""response"": 162, ""value"": ""Reactive power percentage setting""}, {""response"": 163, ""value"": ""Enable Q(P)""}, {""response"": 164, ""value"": ""Enable Q(U)""}]",,,
hold,reactive_power_percentage_setting,2,5037,S16,0.1,%,,,,,
hold,power_limitation_adjustment,2,5039,U16,0.1,kW,,,,,
hold,reactive_power_adjustment,2,5040,S16,0.1,kVar,,,,,
hold,pid_recovery,2,5041,U16,,,SG5KTL-MT|SG6KTL-MT|SG8KTL-M|SG10KTL-M|SG10KTL-MT|SG12KTL-M|SG15KTL-M|SG17KTL-M|SG20KTL-M|SG3.0RT|SG4.0RT|SG5.0RT|SG3.0RS|SG4.0RS|SG5.0RS|SG6.0RT|SG7.0RT|SG8.0RT|SG8.0RS|SG10RT|SG12RT|SG15RT|SG17RT|SG20RT|SG80KTL-M|SG125HV|SG125HV-20|SG80KTL|SG33CX|SG40CX|SG50CX|SG100CX、SG75CX|SG110CX|SG136TX|SG250HX|SG30CX|SG36CX-US|SG60CX-US|SG250HX-US|SG250HX-IN|SG25CX-SA|SG225HX,"[{""response"": 170, ""value"": ""Enable""}, {""response"": 85, ""value"": ""Disable""}]",,,
hold,anti_pid,2,5042,U16,,,SG125HV|SG125HV-20|SG250HX|SG250HX-US|SG250HX-IN|SG136TX|SG100CX-JP|SG225HX,"[{""response"": 170, ""value"": ""Enable""}, {""response"": 85, ""value"": ""Disable""}]",,,
hold,fullday_pid_suppression,2,5043,U16,,,SG250HX|SG250HX-US|SG250HX-IN|SG225HX,"[{""response"": 170, ""value"": ""Enable""}, {""response"": 85, ""value"": ""Disable""}]",,,
hold,ems_mode_selection,2,13050,U16,,,SH5K-20|SH3K6|SH4K6|SH5K-V13|SH5K-30|SH3K6-30|SH4K6-30|SH3.6RS|SH5.0RS|SH4.6RS|SH6.0RS|SH5.0RT|SH5.0RT-V112|SH6.0RT|SH8.0RT|SH10RT|SH10RT-V112,"[{""response"": 0, ""value"": ""Self-consumption mode""}, {""response"": 2, ""value"": ""Compulsory mode""}, {""response"": 3, ""value"": ""External EMS mode""}]",,,
hold,charge_discharge_command,2,13051,U16,,,SH5K-20|SH3K6|SH4K6|SH5K-V13|SH5K-30|SH3K6-30|SH4K6-30|SH3.6RS|SH5.0RS|SH4.6RS|SH6.0RS|SH5.0RT|SH5.0RT-V112|SH6.0RT|SH8.0RT|SH10RT|SH10RT-V112,"[{""response"": 170, ""value"": ""Charge""}, {""response"": 187, ""value"": ""Discharge""}, {""response"": 204, ""value"": ""Stop""}]",,,
hold,charge_discharge_power,2,13052,U16,1.0,W,SH5K-20|SH3K6|SH4K6|SH5K-V13|SH5K-30|SH3K6-30|SH4K6-30|SH3.6RS|SH5.0RS|SH4.6RS|SH6.0RS|SH5.0RT|SH5.0RT-V112|SH6.0RT|SH8.0RT|SH10RT|SH10RT-V112,,,,
hold,start_charging_power,2,13084,U16,10.0,W,SH10RT|SH10RT-V112|SH10RT-20|SH8.0RT|SH6.0RT|SH5.0RT|SH5.0RT-V112,,,,
hold,start_discharging_power,2,13085,U16,10.0,W,SH10RT|SH10RT-V112|SH10RT-20|SH8.0RT|SH6.0RT|SH5.0RT|SH5.0RT-V112,,,,
hold,energy_meter_comm,2,13086,U16,,,SH10RT|SH10RT-V112|SH10RT-20|SH8.0RT|SH6.0RT|SH5.0RT|SH5.0RT-V112,"[{""response"": 170, ""value"": ""Enabled""}, {""response"": 85, ""value"": ""Disabled""}]",,,
hold,export_power_limitation,2,13087,U16,,,SH10RT|SH10RT-V112|SH10RT-20|SH8.0RT|SH6.0RT|SH5.0RT|SH5.0RT-V112,"[{""response"": 170, ""value"": ""Enabled""}, {""response"": 85, ""value"": ""Disabled""}]",,,
hold,soc_reserve,2,13100,U16,,%,SH10RT|SH10RT-V112|SH10RT-20|SH8.0RT|SH6.0RT|SH5.0RT|SH5.0RT-V112,,,,
hold,battery_max_charge_power,2,33047,U16,10.0,W,SH10RT|SH10RT-V112|SH10RT-20|SH8.0RT|SH6.0RT|SH5.0RT|SH5.0RT-V112,,,,
hold,battery_max_discharge_power,2,33048,U16,10.0,W,SH10RT|SH10RT-V112|SH10RT-20|SH8.0RT|SH6.0RT|SH5.0RT|SH5.0RT-V112,,,,
